Workbook

Sheet Caliber
A1: Pistol ammo | B1: Name | C1: Power | D1: ToArmorPre | E1: Random type | F1: Damage type | G1: . | H1: .. | I1: Notes:
B2: Taser | C2: 40 | D2: 0 | E2: 6 | F2: 6 | I2: Stuns
B3: 38 Special | C3: 26 | D3: 0 | E3: 6 | F3: 1
B4: 9mm Makarov | C4: 29 | D4: 0 | E4: 6 | F4: 1
B5: 9mm Pistol | C5: 31 | D5: 0 | E5: 6 | F5: 1
B6: 9mm gyurza | C6: 34 | D6: 0.4 | E6: 6 | F6: 1
B7: 5.7mm | C7: 33 | D7: 0.4 | E7: 6 | F7: 1
B8: HK 4.6x30mm | C8: 32 | D8: 0.3 | E8: 6 | F8: 1
B9: 45 ACP | C9: 35 | D9: 0.1 | E9: 6 | F9: 1
B10: 50 AE | C10: 40 | D10: 0 | E10: 6 | F10: 1 | I10: 1.25 to health, 1.5 armor effectiveness. More effecive against targets without armor, less effective against targest with armor. (Graph in Other Info)
B11: 6.5mm CBJ | C11: 30 | D11: 0.35 | E11: 6 | F11: 1 | M11: 4.73 Caseless | N11: 35 | O11: 0.3 | P11: 6 | Q11: 1
A12: Rifle ammo | B12: Name | C12: Power | D12: ToArmorPre | E12: Random type | F12: Damage type | G12: . | H12: .. | I12: Notes: | M12: 5.45mm | N12: 36 | O12: 0.3 | P12: 6 | Q12: 1
B13: 4.73 Caseless | C13: 35 | D13: 0.3 | E13: 6 | F13: 1 | M13: 5.56mm NATO | N13: 37 | O13: 0.4 | P13: 6 | Q13: 1
B14: 5.45mm | C14: 36 | D14: 0.3 | E14: 6 | F14: 1 | M14: 22 Long Rifle | N14: 33 | O14: 0 | P14: 6 | Q14: 1
B15: 5.56mm | C15: 37 | D15: 0.4 | E15: 6 | F15: 1 | M15: 7.62mm Soviet | N15: 43 | O15: 0.6 | P15: 6 | Q15: 1
B16: 22 Long Rifle | C16: 28 | D16: 0 | E16: 6 | F16: 1 | M16: 7.62mm NATO | N16: 45 | O16: 0.6 | P16: 6 | Q16: 1
B17: 7.62mm Soviet | C17: 43 | D17: 0.6 | E17: 6 | F17: 1 | M17: 7.62mm Soviet MMR | N17: 49 | O17: 0.7 | P17: 6 | Q17: 1
B18: 7.62mm NATO | C18: 45 | D18: 0.6 | E18: 6 | F18: 1 | M18: 9.39mm | N18: 51 | O18: 0.7 | P18: 6 | Q18: 1
B19: 7.62mm Soviet MMR | C19: 49 | D19: 0.7 | E19: 6 | F19: 1 | M19: .338 Lapua | N19: 61 | O19: 0.8 | P19: 6 | Q19: 1
B20: 9.39mm | C20: 51 | D20: 0.7 | E20: 6 | F20: 1 | M20: .50 BMG | N20: 70 | O20: 1 | P20: 6 | Q20: 1
B21: .338 Lapua | C21: 61 | D21: 0.8 | E21: 6 | F21: 1 | M21: 12.7mm | N21: 75 | O21: 1 | P21: 6 | Q21: 1
B22: .50 BMG | C22: 70 | D22: 1 | E22: 6 | F22: 1
B23: 12.7mm | C23: 75 | D23: 1 | E23: 6 | F23: 1 | M23: 12G Buckshot | N23: 25 | O23: 10 | P23: 100 | Q23: 0 | R23: 1 | S23: 1
B24: .30-06 | C24: 40 | D24: 0.5 | E24: 6 | F24: 1 | M24: 12G Slug | N24: 45 | O24: 1 | P24: n/a | Q24: 0.7 | R24: 6 | S24: 1
A25: Shotgun ammo | B25: Name | C25: Power | D25: Pellets | E25: SG Spread | F25: ToArmorPre | G25: Random type | H25: Damage type | I25: Notes: | M25: 12G Non-lethal | N25: 10 | O25: 10 | P25: 100 | Q25: 0 | R25: 1 | S25: 1
B26: 12G Buckshot | C26: 18 | D26: 10 | E26: 0 | F26: 0 | G26: 1 | H26: 1 | M26: Shrapnel-25 (4G) | N26: 25 | O26: 20 | P26: 100 | Q26: 0 | R26: 1 | S26: 1
B27: 12G Slug | C27: 45 | D27: 1 | E27: n/a | F27: 0.7 | G27: 6 | H27: 1 | M27: Barricade slug (4G) | N27: 55 | O27: 1 | P27: n/a | Q27: 1 | R27: 6 | S27: 1
B28: 12G Non-lethal | C28: 10 | D28: 10 | E28: 0 | F28: 0 | G28: 1 | H28: 10 | I28: Cant wound, power reduces over range. | M28: Volna-R Non-lethal (4G) | N28: 10 | O28: 20 | P28: 100 | Q28: 0 | R28: 1 | S28: 1
B29: 12G Incendiary | C29: 18 | D29: 10 | E29: 0 | F29: 0 | G29: 1 | H29: 2 | I29: Sets things on fire
B30: 12G Breaching | C30: 10 | D30: 4 | E30: 25 | F30: 0 | G30: 1 | H30: 11 | I30: 3x ToTile Damage | M30: 40MM Frag | N30: 50 | O30: 0.2 | P30: 3 | Q30: 1 | R30: 3
B31: Shrapnel-25 (4G) | C31: 18 | D31: 20 | E31: 0 | F31: 0 | G31: 1 | H31: 1 | M31: 40MM Smoke | N31: 40 | O31: 0 | P31: 5 | Q31: 1 | R31: 9
B32: Barricade slug (4G) | C32: 55 | D32: 1 | E32: n/a | F32: 1 | G32: 6 | H32: 1 | M32: 40MM Non-lethal | N32: 40 | O32: 0 | P32: 0 | Q32: 6 | R32: 1
B33: Volna-R Non-lethal (4G) | C33: 10 | D33: 20 | E33: 0 | F33: 0 | G33: 1 | H33: 10 | I33: Cant wound, power reduces over range. | M33: APAV40 | N33: 60 | O33: 0 | P33: 3 | Q33: 1 | R33: 1
A34: Explosive | B34: Name | C34: Power | D34: ToArmorPre | E34: Radius | F34: RandomType | G34: DamageType | H34: . | I34: Notes: | M34: Carl Gustaf HEAT | N34: 200 | O34: 1 | P34: 3 | Q34: 1 | R34: 3
B35: 40MM Frag | C35: 50 | D35: 0.2 | E35: 3 | F35: 1 | G35: 3 | I35: Arcing. | M35: Carl Gustaf HE | N35: 100 | O35: 0.5 | P35: 6 | Q35: 1 | R35: 3
B36: 40MM Smoke | C36: 40 | D36: 0 | E36: 5 | F36: 1 | G36: 9 | I36: Arcing + Smoke. | M36: RPG HEAT | N36: 150 | O36: 1 | P36: 3 | Q36: 1 | R36: 3
B37: 40MM Non-lethal | C37: 40 | D37: 0 | E37: 0 | F37: 6 | G37: 10 | I37: Arcing, Cant wound, power reduces over range. | M37: RPG 29 HEAT | N37: 190 | O37: 1 | P37: 3 | Q37: 1 | R37: 3
B38: APAV40 | C38: 60 | D38: 0 | E38: 3 | F38: 1 | G38: 1 | I38: Arcing, No armor damage at all. | M38: RPG Thermobaric | N38: 140 | O38: 0.2 | P38: 7 | Q38: 1 | R38: 3
B39: Carl Gustaf HEAT | C39: 200 | D39: 1 | E39: 3 | F39: 1 | G39: 3
B40: Carl Gustaf HE | C40: 100 | D40: 0.5 | E40: 6 | F40: 1 | G40: 3
B41: RPG HEAT | C41: 150 | D41: 1 | E41: 3 | F41: 1 | G41: 3
B42: RPG 29 HEAT | C42: 190 | D42: 1 | E42: 3 | F42: 1 | G42: 3
B43: RPG Thermobaric | C43: 140 | D43: 0.2 | E43: 7 | F43: 1 | G43: 3
B44: M72 LAW | C44: 95 | D44: 0.75 | E44: 6 | F44: 1 | G44: 3 | I44: Built in Ammo, Not reloadable
B45: VOG-25 (Frag) | C45: 40 | D45: 0.4 | E45: 4 | F45: 1 | G45: 3 | I45: Arcing
B46: GRD-50 (Smoke) | C46: 40 | D46: 0 | E46: 5 | F46: 1 | G46: 9 | I46: Arcing + Smoke.
A48: Other | B48: Name | C48: Power | D48: ToArmorPre | E48: Random type | F48: Damage type | G48: . | H48: .. | I48: Notes:
B49: Launched blade | C49: 40 | D49: 0 | E49: 6 | F49: 7 | I49: Used for balistic knife, which is not in this spreadsheat

Sheet Pistols
A1: Name | B1: weight | C1: size | D1: Cost | E1: two handed | F1: One hand pen. | G1: kneel bouns | H1: tuAimed | I1: tuSnap | J1: tuAuto | K1: accAimed | L1: accSnap | M1: accAuto | N1: rangeAimed | O1: rangeSnap | P1: rangeAuto | Q1: maxRange | R1: minRange | S1: Aimed shots | T1: snap shots | U1: auto shots | V1: Caliber | W1: Power | X1: toArmorPre | Y1: Mag sizes | Z1: Notes:
A2: M1911 | B2: 12 | C2: 1x2 | D2: 3700 | E2: FALSE | F2: 100 | G2: 100 | H2: 60 | I2: 30 | J2: N/A | K2: 70 | L2: 40 | M2: N/A | N2: 12 | O2: 8 | P2: N/A | Q2: 25 | R2: 0 | S2: 1 | T2: 2 | U2: N/A | V2: 45 ACP | W2: =INDEX(Caliber!B2:'Caliber'!C9,MATCH(V2,Caliber!B2:'Caliber'!B9,0),2) -> 35 | X2: =INDEX(Caliber!C2:'Caliber'!D9,MATCH(V2,Caliber!B2:'Caliber'!B9,0),2) -> 0.1 | Y2: [7]
A3: Desert Eagle | B3: 16 | C3: 1x2 | D3: 20000 | E3: FALSE | F3: 100 | G3: 100 | H3: 60 | I3: 30 | J3: N/A | K3: 85 | L3: 45 | M3: N/A | N3: 12 | O3: 8 | P3: N/A | Q3: 25 | R3: 0 | S3: 1 | T3: 2 | U3: N/A | V3: 50 AE | W3: {=INDEX(Caliber!B2:'Caliber'!C10,MATCH(INDIRECT(ADDRESS(ROW(),COLUMN()-1)),Caliber!B2:'Caliber'!B10,0),2)} -> 40 | X3: {=INDEX(Caliber!C2:'Caliber'!D10,MATCH(INDIRECT(ADDRESS(ROW(),COLUMN()-2)),Caliber!B2:'Caliber'!B10,0),2)} -> 0 | Y3: [7] | Z3: More hp damage, less effective vs armor
A4: Manhurin | B4: 7 | C4: 1x1 | D4: 6000 | E4: FALSE | F4: 100 | G4: 100 | H4: 50 | I4: 20 | J4: N/A | K4: 70 | L4: 45 | M4: N/A | N4: 8 | O4: 6 | P4: N/A | Q4: 16 | R4: 0 | S4: 1 | T4: 2 | U4: N/A | V4: 38 Special | W4: =INDEX(Caliber!B2:'Caliber'!C9,MATCH(V4,Caliber!B2:'Caliber'!B9,0),2) -> 26 | X4: =INDEX(Caliber!C2:'Caliber'!D9,MATCH(V4,Caliber!B2:'Caliber'!B9,0),2) -> 0 | Y4: [6]
A5: Taser | B5: 12 | C5: 1x2 | D5: 10000 | E5: FALSE | F5: 100 | G5: 100 | H5: 50 | I5: 25 | J5: N/A | K5: 100 | L5: 50 | M5: N/A | N5: 6 | O5: 6 | P5: N/A | Q5: 6 | R5: 0 | S5: 1 | T5: 1 | U5: N/A | V5: Taser | W5: =INDEX(Caliber!B2:'Caliber'!C9,MATCH(V5,Caliber!B2:'Caliber'!B9,0),2) -> 40 | X5: =INDEX(Caliber!C2:'Caliber'!D9,MATCH(V5,Caliber!B2:'Caliber'!B9,0),2) -> 0 | Y5: [1] | Z5: Stuns
A6: Vektor | B6: 11 | C6: 1x2 | D6: 12000 | E6: FALSE | F6: 100 | G6: 100 | H6: 50 | I6: 21 | J6: N/A | K6: 60 | L6: 40 | M6: N/A | N6: 12 | O6: 10 | P6: N/A | Q6: 22 | R6: 0 | S6: 1 | T6: 2 | U6: N/A | V6: 9mm gyurza | W6: =INDEX(Caliber!B2:'Caliber'!C9,MATCH(V6,Caliber!B2:'Caliber'!B9,0),2) -> 34 | X6: =INDEX(Caliber!C2:'Caliber'!D9,MATCH(V6,Caliber!B2:'Caliber'!B9,0),2) -> 0.4 | Y6: [20]
A7: Five Seven | B7: 6 | C7: 1x2 | D7: 12500 | E7: FALSE | F7: 100 | G7: 100 | H7: 50 | I7: 21 | J7: N/A | K7: 65 | L7: 42 | M7: N/A | N7: 11 | O7: 8 | P7: N/A | Q7: 22 | R7: 0 | S7: 1 | T7: 2 | U7: N/A | V7: 5.7mm | W7: =INDEX(Caliber!B2:'Caliber'!C9,MATCH(V7,Caliber!B2:'Caliber'!B9,0),2) -> 33 | X7: =INDEX(Caliber!C2:'Caliber'!D9,MATCH(V7,Caliber!B2:'Caliber'!B9,0),2) -> 0.4 | Y7: [20]
A8: MK23 | B8: 14 | C8: 1x2 | D8: 13000 | E8: FALSE | F8: 100 | G8: 100 | H8: 50 | I8: 20 | J8: N/A | K8: 80 | L8: 50 | M8: N/A | N8: 15 | O8: 10 | P8: N/A | Q8: 25 | R8: 0 | S8: 1 | T8: 2 | U8: N/A | V8: 45 ACP | W8: =INDEX(Caliber!B2:'Caliber'!C9,MATCH(V8,Caliber!B2:'Caliber'!B9,0),2) -> 35 | X8: =INDEX(Caliber!C2:'Caliber'!D9,MATCH(V8,Caliber!B2:'Caliber'!B9,0),2) -> 0.1 | Y8: [12]
A9: Makarov | B9: 7 | C9: 1x2 | D9: N/A | E9: FALSE | F9: 100 | G9: 100 | H9: 50 | I9: 20 | J9: N/A | K9: 55 | L9: 45 | M9: N/A | N9: 10 | O9: 7 | P9: N/A | Q9: 18 | R9: 0 | S9: 1 | T9: 2 | U9: N/A | V9: 9mm Makarov | W9: =INDEX(Caliber!B2:'Caliber'!C9,MATCH(V9,Caliber!B2:'Caliber'!B9,0),2) -> 29 | X9: =INDEX(Caliber!C2:'Caliber'!D9,MATCH(V9,Caliber!B2:'Caliber'!B9,0),2) -> 0 | Y9: [10]
A10: Glock 18 (stock) | B10: 12 | C10: 1x3 | D10: N/A | E10: FALSE | F10: 100 | G10: 100 | H10: 50 | I10: 20 | J10: 40 | K10: 45 | L10: 45 | M10: 40 | N10: 8 | O10: 10 | P10: 6 | Q10: 22 | R10: 0 | S10: 3 | T10: 1 | U10: 5 | V10: 9mm Pistol | W10: =INDEX(Caliber!B2:'Caliber'!C9,MATCH(V10,Caliber!B2:'Caliber'!B9,0),2) -> 31 | X10: =INDEX(Caliber!C2:'Caliber'!D9,MATCH(V10,Caliber!B2:'Caliber'!B9,0),2) -> 0 | Y10: [10,20,30]
A11: P226 | B11: 10 | C11: 1x2 | D11: 10000 | E11: FALSE | F11: 100 | G11: 100 | H11: 45 | I11: 21 | J11: N/A | K11: 60 | L11: 40 | M11: N/A | N11: 10 | O11: 7 | P11: N/A | Q11: 20 | R11: 0 | S11: 1 | T11: 2 | U11: N/A | V11: 9mm Pistol | W11: =INDEX(Caliber!B2:'Caliber'!C9,MATCH(V11,Caliber!B2:'Caliber'!B9,0),2) -> 31 | X11: =INDEX(Caliber!C2:'Caliber'!D9,MATCH(V11,Caliber!B2:'Caliber'!B9,0),2) -> 0 | Y11: [10,20]
A12: Glock 18 | B12: 11 | C12: 1x2 | D12: 12000 | E12: FALSE | F12: 100 | G12: 100 | H12: 45 | I12: 15 | J12: 40 | K12: 38 | L12: 38 | M12: 25 | N12: 6 | O12: 8 | P12: 4 | Q12: 20 | R12: 0 | S12: 3 | T12: 1 | U12: 5 | V12: 9mm Pistol | W12: =INDEX(Caliber!B2:'Caliber'!C9,MATCH(V12,Caliber!B2:'Caliber'!B9,0),2) -> 31 | X12: =INDEX(Caliber!C2:'Caliber'!D9,MATCH(V12,Caliber!B2:'Caliber'!B9,0),2) -> 0 | Y12: [10,20,30]
A13: Stetckin | B13: 14 | C13: 1x2 | D13: 12500 | E13: FALSE | F13: 100 | G13: 100 | H13: 45 | I13: 15 | J13: 40 | K13: 35 | L13: 35 | M13: 20 | N13: 5 | O13: 8 | P13: 4 | Q13: 18 | R13: 0 | S13: 3 | T13: 1 | U13: 5 | V13: 9mm Makarov | W13: =INDEX(Caliber!B2:'Caliber'!C9,MATCH(V13,Caliber!B2:'Caliber'!B9,0),2) -> 29 | X13: =INDEX(Caliber!C2:'Caliber'!D9,MATCH(V13,Caliber!B2:'Caliber'!B9,0),2) -> 0 | Y13: [20]
A14: Glock 17 | B14: 11 | C14: 1x2 | D14: 8000 | E14: FALSE | F14: 100 | G14: 100 | H14: 40 | I14: 20 | J14: N/A | K14: 55 | L14: 35 | M14: N/A | N14: 10 | O14: 7 | P14: N/A | Q14: 20 | R14: 0 | S14: 1 | T14: 2 | U14: N/A | V14: 9mm Pistol | W14: =INDEX(Caliber!B2:'Caliber'!C9,MATCH(V14,Caliber!B2:'Caliber'!B9,0),2) -> 31 | X14: =INDEX(Caliber!C2:'Caliber'!D9,MATCH(V14,Caliber!B2:'Caliber'!B9,0),2) -> 0 | Y14: [10,20,30]
A15: M9 | B15: 8 | C15: 1x2 | D15: N/A | E15: FALSE | F15: 100 | G15: 100 | H15: 30 | I15: 15 | J15: N/A | K15: 35 | L15: 20 | M15: N/A | N15: 8 | O15: 6 | P15: N/A | Q15: 20 | R15: 0 | S15: 1 | T15: 2 | U15: N/A | V15: 9mm Pistol | W15: =INDEX(Caliber!B2:'Caliber'!C9,MATCH(V15,Caliber!B2:'Caliber'!B9,0),2) -> 31 | X15: =INDEX(Caliber!C2:'Caliber'!D9,MATCH(V15,Caliber!B2:'Caliber'!B9,0),2) -> 0 | Y15: [10,20]
A16: Browning HP | B16: 12 | C16: 1x2 | D16: N/A | E16: FALSE | F16: 100 | G16: 100 | H16: 55 | I16: 25 | J16: N/A | K16: 60 | L16: 45 | M16: N/A | N16: 10 | O16: 7 | P16: N/A | Q16: 19 | R16: 0 | S16: 1 | T16: 2 | U16: N/A | V16: 9mm Pistol | W16: =INDEX(Caliber!B3:'Caliber'!C10,MATCH(V16,Caliber!B3:'Caliber'!B10,0),2) -> 31 | X16: =INDEX(Caliber!C3:'Caliber'!D10,MATCH(V16,Caliber!B3:'Caliber'!B10,0),2) -> 0 | Y16: [10]

Sheet SMGs
A1: Name | B1: weight | C1: size | D1: Cost | E1: two handed | F1: One hand pen. | G1: kneel bouns | H1: tuAimed | I1: tuSnap | J1: tuAuto | K1: accAimed | L1: accSnap | M1: accAuto | N1: rangeAimed | O1: rangeSnap | P1: rangeAuto | Q1: maxRange | R1: minRange | S1: Aimed shots | T1: snap shots | U1: auto shots | V1: Caliber | W1: Power | X1: toArmorPre | Y1: Mag sizes | Z1: Notes:
A2: MPX | B2: 22 | C2: 1x2 | D2: 25000 | E2: FALSE | F2: 100 | G2: 115 | H2: 20 | I2: 15 | J2: 30 | K2: 55 | L2: 70 | M2: 50 | N2: 6 | O2: 8 | P2: 4 | Q2: 30 | R2: 0 | S2: 3 | T2: 1 | U2: 7 | V2: 9mm Pistol | W2: =INDEX(Caliber!B2:'Caliber'!C9,MATCH(V2,Caliber!B2:'Caliber'!B9,0),2) -> 31 | X2: =INDEX(Caliber!C2:'Caliber'!D9,MATCH(V2,Caliber!B2:'Caliber'!B9,0),2) -> 0 | Y2: [10,20,30]
A3: FMG 9 | B3: 18 | C3: 1x2 | D3: 18000 | E3: FALSE | F3: 100 | G3: 115 | H3: 30 | I3: 20 | J3: 35 | K3: 55 | L3: 60 | M3: 45 | N3: 6 | O3: 8 | P3: 4 | Q3: 30 | R3: 0 | S3: 3 | T3: 1 | U3: 7 | V3: 9mm Pistol | W3: =INDEX(Caliber!B2:'Caliber'!C9,MATCH(V3,Caliber!B2:'Caliber'!B9,0),2) -> 31 | X3: =INDEX(Caliber!C2:'Caliber'!D9,MATCH(V3,Caliber!B2:'Caliber'!B9,0),2) -> 0 | Y3: [20,30]
A4: MP7 | B4: 21 | C4: 1x2 | D4: 17500 | E4: FALSE | F4: 100 | G4: 115 | H4: 35 | I4: 20 | J4: 35 | K4: 50 | L4: 70 | M4: 55 | N4: 7 | O4: 11 | P4: 6 | Q4: 30 | R4: 0 | S4: 3 | T4: 1 | U4: 7 | V4: HK 4.6x30mm | W4: =INDEX(Caliber!B2:'Caliber'!C9,MATCH(V4,Caliber!B2:'Caliber'!B9,0),2) -> 32 | X4: =INDEX(Caliber!C2:'Caliber'!D9,MATCH(V4,Caliber!B2:'Caliber'!B9,0),2) -> 0.3 | Y4: [20,30,40]
A5: P90 | B5: 21 | C5: 1x3 | D5: 18000 | E5: TRUE | F5: 80 | G5: 115 | H5: 30 | I5: 25 | J5: 40 | K5: 55 | L5: 60 | M5: 45 | N5: 8 | O5: 10 | P5: 4 | Q5: 35 | R5: 0 | S5: 3 | T5: 1 | U5: 7 | V5: 5.7mm | W5: =INDEX(Caliber!B2:'Caliber'!C9,MATCH(V5,Caliber!B2:'Caliber'!B9,0),2) -> 33 | X5: =INDEX(Caliber!C2:'Caliber'!D9,MATCH(V5,Caliber!B2:'Caliber'!B9,0),2) -> 0.4 | Y5: [50]
A6: P90 (Sopmod) | B6: 23 | C6: 1x3 | D6: N/A | E6: TRUE | F6: 80 | G6: 115 | H6: 40 | I6: 22 | J6: 37 | K6: 70 | L6: 60 | M6: 45 | N6: 13 | O6: 20 | P6: 9 | Q6: 30 | R6: 0 | S6: 3 | T6: 1 | U6: 7 | V6: 5.7mm | W6: {=INDEX(Caliber!B2:'Caliber'!C11,MATCH(INDIRECT(ADDRESS(ROW(),COLUMN()-1)),Caliber!B2:'Caliber'!B11,0),2)} -> 33 | X6: {=INDEX(Caliber!C2:'Caliber'!D11,MATCH(INDIRECT(ADDRESS(ROW(),COLUMN()-2)),Caliber!B2:'Caliber'!B11,0),2)} -> 0.4 | Y6: [50]
A7: Vityaz | B7: 23 | C7: 1x3 | D7: 17000 | E7: TRUE | F7: 80 | G7: 115 | H7: 25 | I7: 15 | J7: 35 | K7: 55 | L7: 75 | M7: 40 | N7: 9 | O7: 11 | P7: 6 | Q7: 35 | R7: 0 | S7: 3 | T7: 1 | U7: 7 | V7: 9mm Pistol | W7: =INDEX(Caliber!B2:'Caliber'!C9,MATCH(V7,Caliber!B2:'Caliber'!B9,0),2) -> 31 | X7: =INDEX(Caliber!C2:'Caliber'!D9,MATCH(V7,Caliber!B2:'Caliber'!B9,0),2) -> 0 | Y7: [30]
A8: MP5SD | B8: 20 | C8: 1x3 | D8: 15000 | E8: TRUE | F8: 80 | G8: 115 | H8: 25 | I8: 20 | J8: 35 | K8: 50 | L8: 70 | M8: 40 | N8: 10 | O8: 12 | P8: 6 | Q8: 30 | R8: 0 | S8: 3 | T8: 1 | U8: 7 | V8: 9mm Pistol | W8: =INDEX(Caliber!B2:'Caliber'!C9,MATCH(V8,Caliber!B2:'Caliber'!B9,0),2) -> 31 | X8: =INDEX(Caliber!C2:'Caliber'!D9,MATCH(V8,Caliber!B2:'Caliber'!B9,0),2) -> 0 | Y8: [10,20,30,40]
A9: CBJ-MS | B9: 21 | C9: 1x2 | D9: 20000 | E9: TRUE | F9: 80 | G9: 115 | H9: 25 | I9: 20 | J9: 45 | K9: 49 | L9: 70 | M9: 40 | N9: 11 | O9: 13 | P9: 8 | Q9: 30 | R9: 0 | S9: 3 | T9: 1 | U9: 7 | V9: 6.5mm CBJ | W9: {=INDEX(Caliber!B2:'Caliber'!C11,MATCH(INDIRECT(ADDRESS(ROW(),COLUMN()-1)),Caliber!B2:'Caliber'!B11,0),2)} -> 30 | X9: {=INDEX(Caliber!C2:'Caliber'!D11,MATCH(INDIRECT(ADDRESS(ROW(),COLUMN()-2)),Caliber!B2:'Caliber'!B11,0),2)} -> 0.35 | Y9: [30,100]
A10: Versek | B10: 15 | C10: 1x2 | D10: 23000 | E10: FALSE | F10: 100 | G10: 115 | H10: 30 | I10: 25 | J10: 35 | K10: 45 | L10: 60 | M10: 40 | N10: 4 | O10: 6 | P10: 0 | Q10: 25 | R10: 0 | S10: 3 | T10: 1 | U10: 7 | V10: 9mm gyurza | W10: =INDEX(Caliber!B2:'Caliber'!C9,MATCH(V10,Caliber!B2:'Caliber'!B9,0),2) -> 34 | X10: =INDEX(Caliber!C2:'Caliber'!D9,MATCH(V10,Caliber!B2:'Caliber'!B9,0),2) -> 0.4 | Y10: [20,30]
A11: Uzi | B11: 28 | C11: 1x2 | D11: 14000 | E11: FALSE | F11: 100 | G11: 115 | H11: 25 | I11: 20 | J11: 30 | K11: 45 | L11: 55 | M11: 40 | N11: 6 | O11: 10 | P11: 4 | Q11: 20 | R11: 0 | S11: 3 | T11: 1 | U11: 7 | V11: 9mm Pistol | W11: =INDEX(Caliber!B2:'Caliber'!C9,MATCH(V11,Caliber!B2:'Caliber'!B9,0),2) -> 31 | X11: =INDEX(Caliber!C2:'Caliber'!D9,MATCH(V11,Caliber!B2:'Caliber'!B9,0),2) -> 0 | Y11: [20,30,40]
A12: Skorpion | B12: 14 | C12: 1x2 | D12: N/A | E12: FALSE | F12: 100 | G12: 115 | H12: 35 | I12: 30 | J12: 40 | K12: 50 | L12: 60 | M12: 35 | N12: 7 | O12: 10 | P12: 4 | Q12: 20 | R12: 0 | S12: 3 | T12: 1 | U12: 7 | V12: 9mm Makarov | W12: =INDEX(Caliber!B2:'Caliber'!C9,MATCH(V12,Caliber!B2:'Caliber'!B9,0),2) -> 29 | X12: =INDEX(Caliber!C2:'Caliber'!D9,MATCH(V12,Caliber!B2:'Caliber'!B9,0),2) -> 0 | Y12: [10,20,30]
A13: UMP | B13: 20 | C13: 1x3 | D13: 19000 | E13: TRUE | F13: 80 | G13: 115 | H13: 25 | I13: 20 | J13: 40 | K13: 50 | L13: 80 | M13: 30 | N13: 12 | O13: 14 | P13: 8 | Q13: 40 | R13: 0 | S13: 3 | T13: 1 | U13: 7 | V13: 45 ACP | W13: =INDEX(Caliber!B2:'Caliber'!C9,MATCH(V13,Caliber!B2:'Caliber'!B9,0),2) -> 35 | X13: =INDEX(Caliber!C2:'Caliber'!D9,MATCH(V13,Caliber!B2:'Caliber'!B9,0),2) -> 0.1 | Y13: [25]
A14: Tec 9 | B14: 13 | C14: 1x2 | D14: N/A | E14: TRUE | F14: 80 | G14: 115 | H14: 30 | I14: 25 | J14: 35 | K14: 45 | L14: 60 | M14: 30 | N14: 7 | O14: 10 | P14: 4 | Q14: 20 | R14: 0 | S14: 3 | T14: 1 | U14: 7 | V14: 9mm Pistol | W14: =INDEX(Caliber!B2:'Caliber'!C9,MATCH(V14,Caliber!B2:'Caliber'!B9,0),2) -> 31 | X14: =INDEX(Caliber!C2:'Caliber'!D9,MATCH(V14,Caliber!B2:'Caliber'!B9,0),2) -> 0 | Y14: [10,20,30,40]
A15: Skorpion Evo | B15: 22 | C15: 1x3 | D15: 25000 | E15: TRUE | F15: 80 | G15: 115 | H15: 20 | I15: 15 | J15: 25 | K15: 30 | L15: 50 | M15: 30 | N15: 8 | O15: 10 | P15: 3 | Q15: 20 | R15: 0 | S15: 5 | T15: 1 | U15: 10 | V15: 9mm Pistol | W15: =INDEX(Caliber!B2:'Caliber'!C9,MATCH(V15,Caliber!B2:'Caliber'!B9,0),2) -> 31 | X15: =INDEX(Caliber!C2:'Caliber'!D9,MATCH(V15,Caliber!B2:'Caliber'!B9,0),2) -> 0 | Y15: [30,40]
A16: M3 Grease Gun | B16: 19 | C16: 1x3 | D16: N/A | E16: TRUE | F16: 80 | G16: 115 | H16: 40 | I16: 35 | J16: 45 | K16: 55 | L16: 65 | M16: 35 | N16: 9 | O16: 11 | P16: 7 | Q16: 30 | R16: 0 | S16: 3 | T16: 1 | U16: 6 | V16: 45 ACP | W16: =INDEX(Caliber!B2:'Caliber'!C9,MATCH(V16,Caliber!B2:'Caliber'!B9,0),2) -> 35 | X16: =INDEX(Caliber!C2:'Caliber'!D9,MATCH(V16,Caliber!B2:'Caliber'!B9,0),2) -> 0.1 | Y16: [25]
A17: Kriss Vector | B17: 26 | C17: 1x3 | D17: N/A | E17: TRUE | F17: 80 | G17: 115 | H17: 25 | I17: 15 | J17: 25 | K17: 30 | L17: 40 | M17: 20 | N17: 6 | O17: 9 | P17: 4 | Q17: 20 | R17: 0 | S17: 5 | T17: 1 | U17: 10 | V17: 45 ACP | W17: =INDEX(Caliber!B2:'Caliber'!C9,MATCH(V16,Caliber!B2:'Caliber'!B9,0),2) -> 35 | X17: =INDEX(Caliber!C2:'Caliber'!D9,MATCH(V16,Caliber!B2:'Caliber'!B9,0),2) -> 0.1 | Y17: [25]

Sheet Rifles
A1: Name | B1: weight | C1: size | D1: Cost | E1: GL/UBS firemode | F1: two handed | G1: One hand pen. | H1: kneel bouns | I1: tuAimed | J1: tuSnap | K1: tuAuto | L1: accAimed | M1: accSnap | N1: accAuto | O1: rangeAimed | P1: rangeSnap | Q1: rangeAuto | R1: maxRange | S1: minRange | T1: Aimed shots | U1: snap shots | V1: auto shots | W1: Caliber | X1: Power | Y1: toArmorPre | Z1: Mag sizes | AA1: Notes:
A2: AK 74 | B2: 23 | C2: 1x3 | D2: N/A | E2: N/A | F2: TRUE | G2: 50 | H2: 125 | I2: 55 | J2: 45 | K2: 60 | L2: 50 | M2: 60 | N2: 35 | O2: 24 | P2: 34 | Q2: 10 | R2: 200 | S2: 0 | T2: 3 | U2: 1 | V2: 5 | W2: 5.45mm | X2: {=INDEX(Caliber!B13:'Caliber'!C23,MATCH(INDIRECT(ADDRESS(ROW(),COLUMN()-1)),Caliber!B13:'Caliber'!B23,0),2)} -> 36 | Y2: {=INDEX(Caliber!C13:'Caliber'!D23,MATCH(INDIRECT(ADDRESS(ROW(),COLUMN()-2)),Caliber!B13:'Caliber'!B23,0),2)} -> 0.3 | Z2: [30,45,60]
A3: AK12 | B3: 20 | C3: 1x3 | D3: 28000 | E3: N/A | F3: TRUE | G3: 50 | H3: 125 | I3: 55 | J3: 45 | K3: 60 | L3: 60 | M3: 70 | N3: 45 | O3: 25 | P3: 35 | Q3: 11 | R3: 200 | S3: 0 | T3: 3 | U3: 1 | V3: 5 | W3: 5.45mm | X3: =INDEX(Caliber!B13:'Caliber'!C23,MATCH(W3,Caliber!B13:'Caliber'!B23,0),2) -> 36 | Y3: =INDEX(Caliber!C13:'Caliber'!D23,MATCH(W3,Caliber!B13:'Caliber'!B23,0),2) -> 0.3 | Z3: [30,45,60]
A4: AK12 (Scoped) | B4: 22 | C4: 1x3 | D4: N/A | E4: N/A | F4: TRUE | G4: 50 | H4: 125 | I4: 70 | J4: 45 | K4: 60 | L4: 80 | M4: 65 | N4: 35 | O4: 30 | P4: 40 | Q4: 11 | R4: 200 | S4: 0 | T4: 3 | U4: 1 | V4: 5 | W4: 5.45mm | X4: =INDEX(Caliber!B13:'Caliber'!C23,MATCH(W4,Caliber!B13:'Caliber'!B23,0),2) -> 36 | Y4: =INDEX(Caliber!C13:'Caliber'!D23,MATCH(W4,Caliber!B13:'Caliber'!B23,0),2) -> 0.3 | Z4: [30,45,60]
A5: AK15 | B5: 22 | C5: 1x3 | D5: 31000 | E5: N/A | F5: TRUE | G5: 50 | H5: 125 | I5: 55 | J5: 45 | K5: 60 | L5: 65 | M5: 70 | N5: 40 | O5: 33 | P5: 43 | Q5: 10 | R5: 200 | S5: 0 | T5: 3 | U5: 1 | V5: 5 | W5: 7.62mm Soviet | X5: =INDEX(Caliber!B13:'Caliber'!C23,MATCH(W5,Caliber!B13:'Caliber'!B23,0),2) -> 43 | Y5: =INDEX(Caliber!C13:'Caliber'!D23,MATCH(W5,Caliber!B13:'Caliber'!B23,0),2) -> 0.6 | Z5: [30,40,75]
A6: AK15 (Scoped) | B6: 24 | C6: 1x3 | D6: N/A | E6: N/A | F6: TRUE | G6: 50 | H6: 125 | I6: 70 | J6: 45 | K6: 60 | L6: 85 | M6: 65 | N6: 30 | O6: 38 | P6: 48 | Q6: 10 | R6: 200 | S6: 0 | T6: 3 | U6: 1 | V6: 5 | W6: 7.62mm Soviet | X6: =INDEX(Caliber!B13:'Caliber'!C23,MATCH(W6,Caliber!B13:'Caliber'!B23,0),2) -> 43 | Y6: =INDEX(Caliber!C13:'Caliber'!D23,MATCH(W6,Caliber!B13:'Caliber'!B23,0),2) -> 0.6 | Z6: [30,40,75]
A7: AK-74 (GP-25) | B7: 31 | C7: 1x3 | D7: N/A | E7: Snap | F7: TRUE | G7: 50 | H7: 125 | I7: 55 | J7: 70 | K7: 60 | L7: 50 | M7: 35 | N7: 35 | O7: 24 | P7: 16 | Q7: 10 | R7: 200 | S7: 0 | T7: 3 | U7: 1 | V7: 5 | W7: 5.45mm | X7: {=INDEX(Caliber!B13:'Caliber'!C23,MATCH(INDIRECT(ADDRESS(ROW(),COLUMN()-1)),Caliber!B13:'Caliber'!B23,0),2)} -> 36 | Y7: {=INDEX(Caliber!C13:'Caliber'!D23,MATCH(INDIRECT(ADDRESS(ROW(),COLUMN()-2)),Caliber!B13:'Caliber'!B23,0),2)} -> 0.3 | Z7: [30,45,60][1]
A8: AKM | B8: 24 | C8: 1x3 | D8: N/A | E8: N/A | F8: TRUE | G8: 50 | H8: 125 | I8: 55 | J8: 45 | K8: 60 | L8: 55 | M8: 65 | N8: 25 | O8: 28 | P8: 38 | Q8: 7 | R8: 200 | S8: 0 | T8: 3 | U8: 1 | V8: 5 | W8: 7.62mm Soviet | X8: {=INDEX(Caliber!B13:'Caliber'!C23,MATCH(INDIRECT(ADDRESS(ROW(),COLUMN()-1)),Caliber!B13:'Caliber'!B23,0),2)} -> 43 | Y8: {=INDEX(Caliber!C13:'Caliber'!D23,MATCH(INDIRECT(ADDRESS(ROW(),COLUMN()-2)),Caliber!B13:'Caliber'!B23,0),2)} -> 0.6 | Z8: [30,40,75]
A9: Aks-74u | B9: 21 | C9: 1x3 | D9: N/A | E9: N/A | F9: TRUE | G9: 50 | H9: 125 | I9: 50 | J9: 41 | K9: 57 | L9: 48 | M9: 61 | N9: 37 | O9: 24 | P9: 34 | Q9: 10 | R9: 200 | S9: 0 | T9: 3 | U9: 1 | V9: 5 | W9: 5.45mm | X9: {=INDEX(Caliber!B13:'Caliber'!C23,MATCH(INDIRECT(ADDRESS(ROW(),COLUMN()-1)),Caliber!B13:'Caliber'!B23,0),2)} -> 36 | Y9: {=INDEX(Caliber!C13:'Caliber'!D23,MATCH(INDIRECT(ADDRESS(ROW(),COLUMN()-2)),Caliber!B13:'Caliber'!B23,0),2)} -> 0.3 | Z9: [30,45,60]
A10: Aks-74u (Sopmod) | B10: 19 | C10: 1x3 | D10: N/A | E10: N/A | F10: TRUE | G10: 50 | H10: 125 | I10: 70 | J10: 38 | K10: 55 | L10: 68 | M10: 61 | N10: 37 | O10: 29 | P10: 36 | Q10: 15 | R10: 200 | S10: 0 | T10: 3 | U10: 1 | V10: 5 | W10: 5.45mm | X10: {=INDEX(Caliber!B13:'Caliber'!C23,MATCH(INDIRECT(ADDRESS(ROW(),COLUMN()-1)),Caliber!B13:'Caliber'!B23,0),2)} -> 36 | Y10: {=INDEX(Caliber!C13:'Caliber'!D23,MATCH(INDIRECT(ADDRESS(ROW(),COLUMN()-2)),Caliber!B13:'Caliber'!B23,0),2)} -> 0.3 | Z10: [30,45,60]
A11: AR 18 | B11: 22 | C11: 1x3 | D11: N/A | E11: N/A | F11: TRUE | G11: 50 | H11: 125 | I11: 60 | J11: 35 | K11: 60 | L11: 55 | M11: 55 | N11: 40 | O11: 33 | P11: 30 | Q11: 11 | R11: 200 | S11: 0 | T11: 3 | U11: 1 | V11: 5 | W11: 5.56mm | X11: =INDEX(Caliber!B13:'Caliber'!C23,MATCH(W11,Caliber!B13:'Caliber'!B23,0),2) -> 37 | Y11: =INDEX(Caliber!C13:'Caliber'!D23,MATCH(W11,Caliber!B13:'Caliber'!B23,0),2) -> 0.4 | Z11: [30]
A12: AR 180 | B12: 22 | C12: 1x3 | D12: N/A | E12: N/A | F12: TRUE | G12: 50 | H12: 125 | I12: 70 | J12: 35 | K12: N/A | L12: 75 | M12: 45 | N12: N/A | O12: 34 | P12: 25 | Q12: N/A | R12: 200 | S12: 0 | T12: 1 | U12: 1 | V12: N/A | W12: 5.56mm | X12: =INDEX(Caliber!B13:'Caliber'!C23,MATCH(W12,Caliber!B13:'Caliber'!B23,0),2) -> 37 | Y12: =INDEX(Caliber!C13:'Caliber'!D23,MATCH(W12,Caliber!B13:'Caliber'!B23,0),2) -> 0.4 | Z12: [30]
A13: Famas | B13: 28 | C13: 1x3 | D13: 28000 | E13: N/A | F13: TRUE | G13: 50 | H13: 125 | I13: 55 | J13: 45 | K13: 40 | L13: 55 | M13: 45 | N13: 50 | O13: 18 | P13: 28 | Q13: 12 | R13: 200 | S13: 0 | T13: 3 | U13: 1 | V13: 5 | W13: 5.56mm | X13: =INDEX(Caliber!B13:'Caliber'!C23,MATCH(W13,Caliber!B13:'Caliber'!B23,0),2) -> 37 | Y13: =INDEX(Caliber!C13:'Caliber'!D23,MATCH(W13,Caliber!B13:'Caliber'!B23,0),2) -> 0.4 | Z13: [30][1] | AA13: Can load APAV40 Rifle Grenade
A14: Famas (Scoped) | B14: 30 | C14: 1x3 | D14: N/A | E14: N/A | F14: TRUE | G14: 50 | H14: 125 | I14: 70 | J14: 45 | K14: 40 | L14: 74 | M14: 40 | N14: 35 | O14: 23 | P14: 33 | Q14: 12 | R14: 200 | S14: 0 | T14: 3 | U14: 1 | V14: 5 | W14: 5.56mm | X14: =INDEX(Caliber!B13:'Caliber'!C23,MATCH(W14,Caliber!B13:'Caliber'!B23,0),2) -> 37 | Y14: =INDEX(Caliber!C13:'Caliber'!D23,MATCH(W14,Caliber!B13:'Caliber'!B23,0),2) -> 0.4 | Z14: [30][1] | AA14: Can load APAV40 Rifle Grenade
A15: FN FAL | B15: 38 | C15: 1x3 | D15: N/A | E15: N/A | F15: TRUE | G15: 50 | H15: 125 | I15: 80 | J15: 45 | K15: 65 | L15: 95 | M15: 50 | N15: 30 | O15: 50 | P15: 30 | Q15: 6 | R15: 200 | S15: 0 | T15: 1 | U15: 1 | V15: 3 | W15: 7.62mm Nato | X15: {=INDEX(Caliber!B13:'Caliber'!C23,MATCH(INDIRECT(ADDRESS(ROW(),COLUMN()-1)),Caliber!B13:'Caliber'!B23,0),2)} -> 45 | Y15: {=INDEX(Caliber!C13:'Caliber'!D23,MATCH(INDIRECT(ADDRESS(ROW(),COLUMN()-2)),Caliber!B13:'Caliber'!B23,0),2)} -> 0.6 | Z15: [20]
A16: FX-05 | B16: 19 | C16: 1x3 | D16: 17500 | E16: N/A | F16: TRUE | G16: 50 | H16: 125 | I16: 50 | J16: 35 | K16: 55 | L16: 55 | M16: 60 | N16: 40 | O16: 22 | P16: 32 | Q16: 10 | R16: 200 | S16: 0 | T16: 3 | U16: 1 | V16: 5 | W16: 5.56mm | X16: =INDEX(Caliber!B13:'Caliber'!C23,MATCH(W16,Caliber!B13:'Caliber'!B23,0),2) -> 37 | Y16: =INDEX(Caliber!C13:'Caliber'!D23,MATCH(W16,Caliber!B13:'Caliber'!B23,0),2) -> 0.4 | Z16: [30]
A17: FX-05 (Scoped) | B17: 21 | C17: 1x3 | D17: N/A | E17: N/A | F17: TRUE | G17: 50 | H17: 125 | I17: 65 | J17: 35 | K17: 55 | L17: 75 | M17: 55 | N17: 30 | O17: 27 | P17: 37 | Q17: 10 | R17: 200 | S17: 0 | T17: 3 | U17: 1 | V17: 5 | W17: 5.56mm | X17: =INDEX(Caliber!B13:'Caliber'!C23,MATCH(W17,Caliber!B13:'Caliber'!B23,0),2) -> 37 | Y17: =INDEX(Caliber!C13:'Caliber'!D23,MATCH(W17,Caliber!B13:'Caliber'!B23,0),2) -> 0.4 | Z17: [30]
A18: G11 | B18: 30 | C18: 1x3 | D18: 85000 | E18: N/A | F18: TRUE | G18: 50 | H18: 125 | I18: 60 | J18: 40 | K18: 45 | L18: 100 | M18: 80 | N18: 55 | O18: 45 | P18: 35 | Q18: 15 | R18: 200 | S18: 0 | T18: 3 | U18: 3 | V18: 5 | W18: 4.73 Caseless | X18: =INDEX(Caliber!B13:'Caliber'!C23,MATCH(W18,Caliber!B13:'Caliber'!B23,0),2) -> 35 | Y18: =INDEX(Caliber!C13:'Caliber'!D23,MATCH(W18,Caliber!B13:'Caliber'!B23,0),2) -> 0.3 | Z18: [50]
A19: G3 | B19: 33 | C19: 1x3 | D19: 36000 | E19: N/A | F19: TRUE | G19: 50 | H19: 125 | I19: 55 | J19: 45 | K19: 40 | L19: 75 | M19: 55 | N19: 35 | O19: 33 | P19: 36 | Q19: 11 | R19: 200 | S19: 0 | T19: 3 | U19: 1 | V19: 5 | W19: 7.62mm Nato | X19: {=INDEX(Caliber!B13:'Caliber'!C23,MATCH(INDIRECT(ADDRESS(ROW(),COLUMN()-1)),Caliber!B13:'Caliber'!B23,0),2)} -> 45 | Y19: {=INDEX(Caliber!C13:'Caliber'!D23,MATCH(INDIRECT(ADDRESS(ROW(),COLUMN()-2)),Caliber!B13:'Caliber'!B23,0),2)} -> 0.6 | Z19: [5,20,10]
A20: G36 | B20: 27 | C20: 1x3 | D20: 31000 | E20: N/A | F20: TRUE | G20: 50 | H20: 125 | I20: 70 | J20: 50 | K20: 55 | L20: 80 | M20: 60 | N20: 45 | O20: 33 | P20: 35 | Q20: 10 | R20: 200 | S20: 0 | T20: 3 | U20: 1 | V20: 5 | W20: 5.56mm | X20: =INDEX(Caliber!B13:'Caliber'!C23,MATCH(W20,Caliber!B13:'Caliber'!B23,0),2) -> 37 | Y20: =INDEX(Caliber!C13:'Caliber'!D23,MATCH(W20,Caliber!B13:'Caliber'!B23,0),2) -> 0.4 | Z20: [30][1]
A21: G36 (AG) | B21: 37 | C21: 1x3 | D21: N/A | E21: Auto | F21: TRUE | G21: 50 | H21: 125 | I21: 70 | J21: 50 | K21: 70 | L21: 80 | M21: 60 | N21: 45 | O21: 33 | P21: 35 | Q21: 16 | R21: 200 | S21: 0 | T21: 3 | U21: 1 | V21: 1 | W21: 5.56mm | X21: =INDEX(Caliber!B13:'Caliber'!C23,MATCH(W21,Caliber!B13:'Caliber'!B23,0),2) -> 37 | Y21: =INDEX(Caliber!C13:'Caliber'!D23,MATCH(W21,Caliber!B13:'Caliber'!B23,0),2) -> 0.4 | Z21: [30][1]
A22: G36C | B22: 23 | C22: 1x3 | D22: 31000 | E22: N/A | F22: TRUE | G22: 50 | H22: 125 | I22: 66 | J22: 46 | K22: 51 | L22: 78 | M22: 58 | N22: 45 | O22: 30 | P22: 32 | Q22: 10 | R22: 200 | S22: 0 | T22: 3 | U22: 1 | V22: 5 | W22: 5.56mm | X22: {=INDEX(Caliber!B13:'Caliber'!C23,MATCH(INDIRECT(ADDRESS(ROW(),COLUMN()-1)),Caliber!B13:'Caliber'!B23,0),2)} -> 37 | Y22: {=INDEX(Caliber!C13:'Caliber'!D23,MATCH(INDIRECT(ADDRESS(ROW(),COLUMN()-2)),Caliber!B13:'Caliber'!B23,0),2)} -> 0.4 | Z22: [30]
A23: HK416 | B23: 25 | C23: 1x3 | D23: 35000 | E23: N/A | F23: TRUE | G23: 50 | H23: 125 | I23: 55 | J23: 35 | K23: 65 | L23: 70 | M23: 65 | N23: 50 | O23: 30 | P23: 35 | Q23: 13 | R23: 200 | S23: 0 | T23: 3 | U23: 1 | V23: 5 | W23: 5.56mm | X23: =INDEX(Caliber!B13:'Caliber'!C23,MATCH(W23,Caliber!B13:'Caliber'!B23,0),2) -> 37 | Y23: =INDEX(Caliber!C13:'Caliber'!D23,MATCH(W23,Caliber!B13:'Caliber'!B23,0),2) -> 0.4 | Z23: [30]
A24: HK416 (M320) | B24: 37 | C24: 1x3 | D24: N/A | E24: Auto | F24: TRUE | G24: 50 | H24: 125 | I24: 55 | J24: 32 | K24: 65 | L24: 70 | M24: 65 | N24: 50 | O24: 30 | P24: 35 | Q24: 18 | R24: 200 | S24: 0 | T24: 3 | U24: 1 | V24: 1 | W24: 5.56mm | X24: =INDEX(Caliber!B13:'Caliber'!C23,MATCH(W24,Caliber!B13:'Caliber'!B23,0),2) -> 37 | Y24: =INDEX(Caliber!C13:'Caliber'!D23,MATCH(W24,Caliber!B13:'Caliber'!B23,0),2) -> 0.4 | Z24: [30][1]
A25: Hk416 (MASS) | B25: 34 | C25: 1x3 | D25: N/A | E25: Auto | F25: TRUE | G25: 50 | H25: 125 | I25: 55 | J25: 32 | K25: 30 | L25: 70 | M25: 65 | N25: 50 | O25: 30 | P25: 35 | Q25: 7 | R25: 200 | S25: 0 | T25: 3 | U25: 1 | V25: 1 | W25: 5.56mm | X25: =INDEX(Caliber!B13:'Caliber'!C23,MATCH(W25,Caliber!B13:'Caliber'!B23,0),2) -> 37 | Y25: =INDEX(Caliber!C13:'Caliber'!D23,MATCH(W25,Caliber!B13:'Caliber'!B23,0),2) -> 0.4 | Z25: [30][5]
A26: HK416 (Sopmod) | B26: 27 | C26: 1x3 | D26: N/A | E26: N/A | F26: TRUE | G26: 50 | H26: 125 | I26: 75 | J26: 32 | K26: 62 | L26: 90 | M26: 64 | N26: 50 | O26: 35 | P26: 40 | Q26: 13 | R26: 200 | S26: 0 | T26: 3 | U26: 1 | V26: 5 | W26: 5.56mm | X26: =INDEX(Caliber!B13:'Caliber'!C23,MATCH(W26,Caliber!B13:'Caliber'!B23,0),2) -> 37 | Y26: =INDEX(Caliber!C13:'Caliber'!D23,MATCH(W26,Caliber!B13:'Caliber'!B23,0),2) -> 0.4 | Z26: [30]
A27: HK417 | B27: 31 | C27: 1x3 | D27: 39000 | E27: N/A | F27: TRUE | G27: 50 | H27: 125 | I27: 65 | J27: 50 | K27: 65 | L27: 80 | M27: 65 | N27: 40 | O27: 37 | P27: 40 | Q27: 12 | R27: 200 | S27: 0 | T27: 3 | U27: 1 | V27: 5 | W27: 7.62mm Nato | X27: {=INDEX(Caliber!B13:'Caliber'!C23,MATCH(INDIRECT(ADDRESS(ROW(),COLUMN()-1)),Caliber!B13:'Caliber'!B23,0),2)} -> 45 | Y27: {=INDEX(Caliber!C13:'Caliber'!D23,MATCH(INDIRECT(ADDRESS(ROW(),COLUMN()-2)),Caliber!B13:'Caliber'!B23,0),2)} -> 0.6 | Z27: [10,20]
A28: HK417 (Scoped) | B28: 33 | C28: 1x3 | D28: N/A | E28: N/A | F28: TRUE | G28: 50 | H28: 125 | I28: 80 | J28: 50 | K28: 65 | L28: 100 | M28: 60 | N28: 30 | O28: 42 | P28: 45 | Q28: 12 | R28: 200 | S28: 0 | T28: 3 | U28: 1 | V28: 5 | W28: 7.62mm Nato | X28: {=INDEX(Caliber!B13:'Caliber'!C23,MATCH(INDIRECT(ADDRESS(ROW(),COLUMN()-1)),Caliber!B13:'Caliber'!B23,0),2)} -> 45 | Y28: {=INDEX(Caliber!C13:'Caliber'!D23,MATCH(INDIRECT(ADDRESS(ROW(),COLUMN()-2)),Caliber!B13:'Caliber'!B23,0),2)} -> 0.6 | Z28: [10,20]
A29: M14 EBR | B29: 30 | C29: 1x3 | D29: 17500 | E29: N/A | F29: TRUE | G29: 50 | H29: 125 | I29: 55 | J29: 45 | K29: 40 | L29: 70 | M29: 50 | N29: 20 | O29: 36 | P29: 20 | Q29: 11 | R29: 200 | S29: 0 | T29: 1 | U29: 1 | V29: 3 | W29: 7.62mm NATO | X29: {=INDEX(Caliber!B13:'Caliber'!C23,MATCH(INDIRECT(ADDRESS(ROW(),COLUMN()-1)),Caliber!B13:'Caliber'!B23,0),2)} -> 45 | Y29: {=INDEX(Caliber!C13:'Caliber'!D23,MATCH(INDIRECT(ADDRESS(ROW(),COLUMN()-2)),Caliber!B13:'Caliber'!B23,0),2)} -> 0.6 | Z29: [10,20]
A30: M14 EBR (Scoped) | B30: 32 | C30: 1x3 | D30: N/A | E30: N/A | F30: TRUE | G30: 50 | H30: 125 | I30: 70 | J30: 45 | K30: 40 | L30: 90 | M30: 65 | N30: 15 | O30: 50 | P30: 40 | Q30: 11 | R30: 200 | S30: 0 | T30: 1 | U30: 1 | V30: 3 | W30: 7.62mm Nato | X30: {=INDEX(Caliber!B13:'Caliber'!C23,MATCH(INDIRECT(ADDRESS(ROW(),COLUMN()-1)),Caliber!B13:'Caliber'!B23,0),2)} -> 45 | Y30: {=INDEX(Caliber!C13:'Caliber'!D23,MATCH(INDIRECT(ADDRESS(ROW(),COLUMN()-2)),Caliber!B13:'Caliber'!B23,0),2)} -> 0.6 | Z30: [10,20]
A31: M16A2 | B31: 22 | C31: 1x3 | D31: 12000 | E31: N/A | F31: TRUE | G31: 50 | H31: 125 | I31: 70 | J31: 40 | K31: 55 | L31: 70 | M31: 60 | N31: 45 | O31: 36 | P31: 32 | Q31: 26 | R31: 200 | S31: 0 | T31: 1 | U31: 1 | V31: 3 | W31: 5.56mm | X31: =INDEX(Caliber!B13:'Caliber'!C23,MATCH(W31,Caliber!B13:'Caliber'!B23,0),2) -> 37 | Y31: =INDEX(Caliber!C13:'Caliber'!D23,MATCH(W31,Caliber!B13:'Caliber'!B23,0),2) -> 0.4 | Z31: [30]
A32: M16A2 (M203) | B32: 30 | C32: 1x3 | D32: N/A | E32: Aimed | F32: TRUE | G32: 50 | H32: 125 | I32: 70 | J32: 40 | K32: 55 | L32: 40 | M32: 60 | N32: 45 | O32: 16 | P32: 32 | Q32: 26 | R32: 200 | S32: 0 | T32: 1 | U32: 1 | V32: 3 | W32: 5.56mm | X32: {=INDEX(Caliber!B13:'Caliber'!C23,MATCH(INDIRECT(ADDRESS(ROW(),COLUMN()-1)),Caliber!B13:'Caliber'!B23,0),2)} -> 37 | Y32: {=INDEX(Caliber!C13:'Caliber'!D23,MATCH(INDIRECT(ADDRESS(ROW(),COLUMN()-2)),Caliber!B13:'Caliber'!B23,0),2)} -> 0.4 | Z32: [30]
A33: M16A2 (Scoped) | B33: 24 | C33: 1x3 | D33: N/A | E33: N/A | F33: TRUE | G33: 50 | H33: 125 | I33: 60 | J33: 40 | K33: 60 | L33: 90 | M33: 50 | N33: 60 | O33: 60 | P33: 40 | Q33: 50 | R33: 200 | S33: 0 | T33: 1 | U33: 1 | V33: 3 | W33: 5.56mm | X33: {=INDEX(Caliber!B13:'Caliber'!C23,MATCH(INDIRECT(ADDRESS(ROW(),COLUMN()-1)),Caliber!B13:'Caliber'!B23,0),2)} -> 37 | Y33: {=INDEX(Caliber!C13:'Caliber'!D23,MATCH(INDIRECT(ADDRESS(ROW(),COLUMN()-2)),Caliber!B13:'Caliber'!B23,0),2)} -> 0.4 | Z33: [30]
A34: M4A1 | B34: 24 | C34: 1x3 | D34: 32000 | E34: N/A | F34: TRUE | G34: 50 | H34: 125 | I34: 60 | J34: 40 | K34: 65 | L34: 70 | M34: 65 | N34: 40 | O34: 24 | P34: 31 | Q34: 5 | R34: 200 | S34: 0 | T34: 3 | U34: 1 | V34: 5 | W34: 5.56mm | X34: =INDEX(Caliber!B13:'Caliber'!C23,MATCH(W34,Caliber!B13:'Caliber'!B23,0),2) -> 37 | Y34: =INDEX(Caliber!C13:'Caliber'!D23,MATCH(W34,Caliber!B13:'Caliber'!B23,0),2) -> 0.4 | Z34: [30]
A35: M4A1 (M320) | B35: 36 | C35: 1x3 | D35: N/A | E35: Auto | F35: TRUE | G35: 50 | H35: 125 | I35: 60 | J35: 40 | K35: 65 | L35: 70 | M35: 65 | N35: 50 | O35: 24 | P35: 31 | Q35: 18 | R35: 200 | S35: 0 | T35: 3 | U35: 1 | V35: 1 | W35: 5.56mm | X35: =INDEX(Caliber!B13:'Caliber'!C23,MATCH(W35,Caliber!B13:'Caliber'!B23,0),2) -> 37 | Y35: =INDEX(Caliber!C13:'Caliber'!D23,MATCH(W35,Caliber!B13:'Caliber'!B23,0),2) -> 0.4 | Z35: [30][1]
A36: M4A1 (MASS) | B36: 33 | C36: 1x3 | D36: N/A | E36: Auto | F36: TRUE | G36: 50 | H36: 125 | I36: 60 | J36: 40 | K36: 30 | L36: 70 | M36: 65 | N36: 50 | O36: 24 | P36: 31 | Q36: 7 | R36: 200 | S36: 0 | T36: 3 | U36: 1 | V36: 1 | W36: 5.56mm | X36: =INDEX(Caliber!B13:'Caliber'!C23,MATCH(W36,Caliber!B13:'Caliber'!B23,0),2) -> 37 | Y36: =INDEX(Caliber!C13:'Caliber'!D23,MATCH(W36,Caliber!B13:'Caliber'!B23,0),2) -> 0.4 | Z36: [30][5]
A37: M4A1 (Sopmod) | B37: 26 | C37: 1x3 | D37: N/A | E37: N/A | F37: TRUE | G37: 50 | H37: 125 | I37: 80 | J37: 37 | K37: 62 | L37: 90 | M37: 65 | N37: 40 | O37: 29 | P37: 41 | Q37: 10 | R37: 200 | S37: 0 | T37: 3 | U37: 1 | V37: 5 | W37: 5.56mm | X37: =INDEX(Caliber!B13:'Caliber'!C23,MATCH(W37,Caliber!B13:'Caliber'!B23,0),2) -> 37 | Y37: =INDEX(Caliber!C13:'Caliber'!D23,MATCH(W37,Caliber!B13:'Caliber'!B23,0),2) -> 0.4 | Z37: [30]
A38: Mk 18 Mod 0 | B38: 24 | C38: 1x3 | D38: 32000 | E38: N/A | F38: TRUE | G38: 50 | H38: 125 | I38: 60 | J38: 40 | K38: 55 | L38: 75 | M38: 65 | N38: 50 | O38: 24 | P38: 31 | Q38: 7 | R38: 200 | S38: 0 | T38: 3 | U38: 1 | V38: 5 | W38: 5.56mm | X38: =INDEX(Caliber!B13:'Caliber'!C23,MATCH(W38,Caliber!B13:'Caliber'!B23,0),2) -> 37 | Y38: =INDEX(Caliber!C13:'Caliber'!D23,MATCH(W38,Caliber!B13:'Caliber'!B23,0),2) -> 0.4 | Z38: [30]
A39: Mk 18 Mod 0 (M320) | B39: 36 | C39: 1x3 | D39: N/A | E39: Auto | F39: TRUE | G39: 50 | H39: 125 | I39: 60 | J39: 40 | K39: 65 | L39: 75 | M39: 65 | N39: 50 | O39: 24 | P39: 31 | Q39: 18 | R39: 200 | S39: 0 | T39: 3 | U39: 1 | V39: 1 | W39: 5.56mm | X39: =INDEX(Caliber!B13:'Caliber'!C23,MATCH(W39,Caliber!B13:'Caliber'!B23,0),2) -> 37 | Y39: =INDEX(Caliber!C13:'Caliber'!D23,MATCH(W39,Caliber!B13:'Caliber'!B23,0),2) -> 0.4 | Z39: [30][1]
A40: Mk 18 Mod 0 (MASS) | B40: 33 | C40: 1x3 | D40: N/A | E40: Auto | F40: TRUE | G40: 50 | H40: 125 | I40: 60 | J40: 40 | K40: 30 | L40: 75 | M40: 65 | N40: 50 | O40: 24 | P40: 31 | Q40: 7 | R40: 200 | S40: 0 | T40: 3 | U40: 1 | V40: 1 | W40: 5.56mm | X40: =INDEX(Caliber!B13:'Caliber'!C23,MATCH(W40,Caliber!B13:'Caliber'!B23,0),2) -> 37 | Y40: =INDEX(Caliber!C13:'Caliber'!D23,MATCH(W40,Caliber!B13:'Caliber'!B23,0),2) -> 0.4 | Z40: [30][5]
A41: Mk 18 Mod 0 (Sopmod) | B41: 26 | C41: 1x3 | D41: N/A | E41: N/A | F41: TRUE | G41: 50 | H41: 125 | I41: 80 | J41: 37 | K41: 53 | L41: 95 | M41: 65 | N41: 50 | O41: 29 | P41: 41 | Q41: 12 | R41: 200 | S41: 0 | T41: 3 | U41: 1 | V41: 5 | W41: 5.56mm | X41: =INDEX(Caliber!B13:'Caliber'!C23,MATCH(W41,Caliber!B13:'Caliber'!B23,0),2) -> 37 | Y41: =INDEX(Caliber!C13:'Caliber'!D23,MATCH(W41,Caliber!B13:'Caliber'!B23,0),2) -> 0.4 | Z41: [30]
A42: RK 62 | B42: 19 | C42: 1x3 | D42: 31000 | E42: N/A | F42: TRUE | G42: 50 | H42: 125 | I42: 60 | J42: 45 | K42: 65 | L42: 70 | M42: 75 | N42: 45 | O42: 29 | P42: 39 | Q42: 8 | R42: 200 | S42: 0 | T42: 3 | U42: 1 | V42: 5 | W42: 7.62mm Soviet | X42: {=INDEX(Caliber!B13:'Caliber'!C23,MATCH(INDIRECT(ADDRESS(ROW(),COLUMN()-1)),Caliber!B13:'Caliber'!B23,0),2)} -> 43 | Y42: {=INDEX(Caliber!C13:'Caliber'!D23,MATCH(INDIRECT(ADDRESS(ROW(),COLUMN()-2)),Caliber!B13:'Caliber'!B23,0),2)} -> 0.6 | Z42: [30,40,75]
A43: Scar H | B43: 28 | C43: 1x3 | D43: 41000 | E43: N/A | F43: TRUE | G43: 50 | H43: 125 | I43: 65 | J43: 45 | K43: 70 | L43: 85 | M43: 75 | N43: 45 | O43: 35 | P43: 40 | Q43: 12 | R43: 200 | S43: 0 | T43: 3 | U43: 1 | V43: 5 | W43: 7.62mm Nato | X43: =INDEX(Caliber!B13:'Caliber'!C23,MATCH(W43,Caliber!B13:'Caliber'!B23,0),2) -> 45 | Y43: =INDEX(Caliber!C13:'Caliber'!D23,MATCH(W43,Caliber!B13:'Caliber'!B23,0),2) -> 0.6 | Z43: [20]
A44: Scar H (GL) | B44: 38 | C44: 1x3 | D44: N/A | E44: Auto | F44: TRUE | G44: 50 | H44: 125 | I44: 65 | J44: 45 | K44: 70 | L44: 85 | M44: 75 | N44: 45 | O44: 35 | P44: 40 | Q44: 16 | R44: 200 | S44: 0 | T44: 3 | U44: 1 | V44: 5 | W44: 7.62mm Nato | X44: =INDEX(Caliber!B13:'Caliber'!C23,MATCH(W44,Caliber!B13:'Caliber'!B23,0),2) -> 45 | Y44: =INDEX(Caliber!C13:'Caliber'!D23,MATCH(W44,Caliber!B13:'Caliber'!B23,0),2) -> 0.6 | Z44: [20][1]
A45: Scar H (Sopmod) | B45: 30 | C45: 1x3 | D45: N/A | E45: N/A | F45: TRUE | G45: 50 | H45: 125 | I45: 80 | J45: 42 | K45: 67 | L45: 105 | M45: 75 | N45: 45 | O45: 35 | P45: 40 | Q45: 12 | R45: 200 | S45: 0 | T45: 3 | U45: 1 | V45: 5 | W45: 7.62mm Nato | X45: =INDEX(Caliber!B13:'Caliber'!C23,MATCH(W45,Caliber!B13:'Caliber'!B23,0),2) -> 45 | Y45: =INDEX(Caliber!C13:'Caliber'!D23,MATCH(W45,Caliber!B13:'Caliber'!B23,0),2) -> 0.6 | Z45: [20]
A46: Scar L | B46: 24 | C46: 1x3 | D46: 38000 | E46: N/A | F46: TRUE | G46: 50 | H46: 125 | I46: 65 | J46: 45 | K46: 70 | L46: 80 | M46: 70 | N46: 50 | O46: 32 | P46: 35 | Q46: 14 | R46: 200 | S46: 0 | T46: 3 | U46: 1 | V46: 5 | W46: 5.56mm | X46: =INDEX(Caliber!B13:'Caliber'!C23,MATCH(W46,Caliber!B13:'Caliber'!B23,0),2) -> 37 | Y46: =INDEX(Caliber!C13:'Caliber'!D23,MATCH(W46,Caliber!B13:'Caliber'!B23,0),2) -> 0.4 | Z46: [30]
A47: Scar L (GL) | B47: 34 | C47: 1x3 | D47: N/A | E47: Auto | F47: TRUE | G47: 50 | H47: 125 | I47: 65 | J47: 45 | K47: 70 | L47: 80 | M47: 70 | N47: 45 | O47: 37 | P47: 40 | Q47: 16 | R47: 200 | S47: 0 | T47: 3 | U47: 1 | V47: 5 | W47: 5.56mm | X47: =INDEX(Caliber!B13:'Caliber'!C23,MATCH(W47,Caliber!B13:'Caliber'!B23,0),2) -> 37 | Y47: =INDEX(Caliber!C13:'Caliber'!D23,MATCH(W47,Caliber!B13:'Caliber'!B23,0),2) -> 0.4 | Z47: [30][1]
A48: Scar L (Sopmod) | B48: 26 | C48: 1x3 | D48: N/A | E48: N/A | F48: TRUE | G48: 50 | H48: 125 | I48: 80 | J48: 42 | K48: 67 | L48: 100 | M48: 70 | N48: 50 | O48: 37 | P48: 40 | Q48: 14 | R48: 200 | S48: 0 | T48: 3 | U48: 1 | V48: 5 | W48: 5.56mm | X48: =INDEX(Caliber!B13:'Caliber'!C23,MATCH(W48,Caliber!B13:'Caliber'!B23,0),2) -> 37 | Y48: =INDEX(Caliber!C13:'Caliber'!D23,MATCH(W48,Caliber!B13:'Caliber'!B23,0),2) -> 0.4 | Z48: [30]
A49: SR 3 | B49: 20 | C49: 1x3 | D49: 45000 | E49: N/A | F49: TRUE | G49: 50 | H49: 125 | I49: 60 | J49: 40 | K49: 65 | L49: 70 | M49: 75 | N49: 40 | O49: 24 | P49: 34 | Q49: 8 | R49: 200 | S49: 0 | T49: 3 | U49: 1 | V49: 5 | W49: 9.39mm | X49: =INDEX(Caliber!B13:'Caliber'!C23,MATCH(W49,Caliber!B13:'Caliber'!B23,0),2) -> 51 | Y49: =INDEX(Caliber!C13:'Caliber'!D23,MATCH(W49,Caliber!B13:'Caliber'!B23,0),2) -> 0.7 | Z49: [10,20]
A50: SR 3 (One handed) | B50: 20 | C50: 1x2 | D50: N/A | E50: N/A | F50: FALSE | G50: 100 | H50: 100 | I50: 50 | J50: 30 | K50: 65 | L50: 30 | M50: 60 | N50: 10 | O50: 5 | P50: 15 | Q50: 2 | R50: 200 | S50: 0 | T50: 3 | U50: 1 | V50: 5 | W50: 9.39mm | X50: =INDEX(Caliber!B13:'Caliber'!C23,MATCH(W50,Caliber!B13:'Caliber'!B23,0),2) -> 51 | Y50: =INDEX(Caliber!C13:'Caliber'!D23,MATCH(W50,Caliber!B13:'Caliber'!B23,0),2) -> 0.7 | Z50: [10,20]
A51: Tavor | B51: 23 | C51: 1x3 | D51: 30000 | E51: N/A | F51: TRUE | G51: 50 | H51: 125 | I51: 50 | J51: 45 | K51: 55 | L51: 50 | M51: 60 | N51: 55 | O51: 20 | P51: 30 | Q51: 12 | R51: 200 | S51: 0 | T51: 3 | U51: 1 | V51: 5 | W51: 5.56mm | X51: =INDEX(Caliber!B13:'Caliber'!C23,MATCH(W51,Caliber!B13:'Caliber'!B23,0),2) -> 37 | Y51: =INDEX(Caliber!C13:'Caliber'!D23,MATCH(W51,Caliber!B13:'Caliber'!B23,0),2) -> 0.4 | Z51: [30]
A52: Tavor (m203) | B52: 31 | C52: 1x3 | D52: N/A | E52: Auto | F52: TRUE | G52: 50 | H52: 125 | I52: 50 | J52: 45 | K52: 75 | L52: 50 | M52: 60 | N52: 40 | O52: 20 | P52: 30 | Q52: 15 | R52: 200 | S52: 0 | T52: 3 | U52: 1 | V52: 1 | W52: 5.56mm | X52: =INDEX(Caliber!B13:'Caliber'!C23,MATCH(W52,Caliber!B13:'Caliber'!B23,0),2) -> 37 | Y52: =INDEX(Caliber!C13:'Caliber'!D23,MATCH(W52,Caliber!B13:'Caliber'!B23,0),2) -> 0.4 | Z52: [30][1]
A53: Tavor (Scoped) | B53: 25 | C53: 1x3 | D53: N/A | E53: N/A | F53: TRUE | G53: 50 | H53: 125 | I53: 65 | J53: 45 | K53: 55 | L53: 70 | M53: 55 | N53: 50 | O53: 25 | P53: 35 | Q53: 12 | R53: 200 | S53: 0 | T53: 3 | U53: 1 | V53: 5 | W53: 5.56mm | X53: =INDEX(Caliber!B13:'Caliber'!C23,MATCH(W53,Caliber!B13:'Caliber'!B23,0),2) -> 37 | Y53: =INDEX(Caliber!C13:'Caliber'!D23,MATCH(W53,Caliber!B13:'Caliber'!B23,0),2) -> 0.4 | Z53: [30]
A54: Tavor 95x | B54: 24 | C54: 1x3 | D54: 40000 | E54: N/A | F54: TRUE | G54: 50 | H54: 125 | I54: 50 | J54: 40 | K54: 52 | L54: 60 | M54: 65 | N54: 60 | O54: 22 | P54: 32 | Q54: 12 | R54: 200 | S54: 0 | T54: 3 | U54: 1 | V54: 5 | W54: 5.56mm | X54: =INDEX(Caliber!B13:'Caliber'!C23,MATCH(W54,Caliber!B13:'Caliber'!B23,0),2) -> 37 | Y54: =INDEX(Caliber!C13:'Caliber'!D23,MATCH(W54,Caliber!B13:'Caliber'!B23,0),2) -> 0.4 | Z54: [30]
A55: Tavor 95x (Scoped) | B55: 26 | C55: 1x3 | D55: N/A | E55: N/A | F55: TRUE | G55: 50 | H55: 125 | I55: 65 | J55: 40 | K55: 52 | L55: 80 | M55: 60 | N55: 50 | O55: 27 | P55: 37 | Q55: 13 | R55: 200 | S55: 0 | T55: 3 | U55: 1 | V55: 5 | W55: 5.56mm | X55: =INDEX(Caliber!B13:'Caliber'!C23,MATCH(W55,Caliber!B13:'Caliber'!B23,0),2) -> 37 | Y55: =INDEX(Caliber!C13:'Caliber'!D23,MATCH(W55,Caliber!B13:'Caliber'!B23,0),2) -> 0.4 | Z55: [30]
A56: ACR | B56: 24 | C56: 1x3 | D56: N/A | E56: N/A | F56: TRUE | G56: 50 | H56: 125 | I56: 45 | J56: 25 | K56: N/A | L56: 90 | M56: 75 | N56: N/A | O56: 39 | P56: 33 | Q56: N/A | R56: 200 | S56: 0 | T56: 1 | U56: 1 | V56: N/A | W56: 5.56mm | X56: =INDEX(Caliber!B13:'Caliber'!C23,MATCH(W55,Caliber!B13:'Caliber'!B23,0),2) -> 37 | Y56: {=INDEX(Caliber!C13:'Caliber'!D23,MATCH(INDIRECT(ADDRESS(ROW(),COLUMN()-2)),Caliber!B13:'Caliber'!B23,0),2)} -> 0.4 | Z56: [30]
X57: {=INDEX(Caliber!B13:'Caliber'!C23,MATCH(INDIRECT(ADDRESS(ROW(),COLUMN()-1)),Caliber!B13:'Caliber'!B23,0),2)} -> #N/A | Y57: {=INDEX(Caliber!C13:'Caliber'!D23,MATCH(INDIRECT(ADDRESS(ROW(),COLUMN()-2)),Caliber!B13:'Caliber'!B23,0),2)} -> #N/A

Sheet Snipers
A1: Name | B1: weight | C1: size | D1: Cost | E1: two handed | F1: Block both hands | G1: One hand pen. | H1: kneel bonus | I1: tuAimed | J1: tuSnap | K1: tuAuto | L1: accAimed | M1: accSnap | N1: accAuto | O1: rangeAimed | P1: rangeSnap | Q1: rangeAuto | R1: maxRange | S1: minRange | T1: Aimed shots | U1: snap shots | V1: auto shots | W1: Caliber | X1: Power | Y1: toArmorPre | Z1: Mag sizes | AA1: Notes:
A2: Hunting Rifle | B2: 15 | C2: 1x3 | D2: N/A | E2: TRUE | F2: TRUE | G2: N/A | H2: 145 | I2: 90 | J2: 75 | K2: N/A | L2: 105 | M2: 80 | N2: N/A | O2: 200 | P2: 25 | Q2: N/A | R2: 200 | S2: 2 | T2: 1 | U2: 1 | V2: N/A | W2: 22 Long Rifle | X2: =INDEX(Caliber!B13:'Caliber'!C23,MATCH(W2,Caliber!B13:'Caliber'!B23,0),2) -> 28 | Y2: =INDEX(Caliber!C13:'Caliber'!D23,MATCH(W2,Caliber!B13:'Caliber'!B23,0),2) -> 0 | Z2: [6]
A3: SKS | B3: 31 | C3: 1x3 | D3: N/A | E3: TRUE | F3: FALSE | G3: 35 | H3: 130 | I3: 85 | J3: 65 | K3: N/A | L3: 100 | M3: 60 | N3: N/A | O3: 200 | P3: 25 | Q3: N/A | R3: 200 | S3: 0 | T3: 1 | U3: 1 | V3: N/A | W3: 7.62mm Soviet | X3: =INDEX(Caliber!B13:'Caliber'!C23,MATCH(W3,Caliber!B13:'Caliber'!B23,0),2) -> 43 | Y3: =INDEX(Caliber!C13:'Caliber'!D23,MATCH(W3,Caliber!B13:'Caliber'!B23,0),2) -> 0.6 | Z3: [10]
A4: PSG 1 | B4: 50 | C4: 1x3 | D4: 42000 | E4: TRUE | F4: TRUE | G4: N/A | H4: 145 | I4: 90 | J4: 60 | K4: N/A | L4: 125 | M4: 85 | N4: N/A | O4: 200 | P4: 35 | Q4: N/A | R4: 200 | S4: 5 | T4: 1 | U4: 1 | V4: N/A | W4: 7.62mm Nato | X4: =INDEX(Caliber!B13:'Caliber'!C23,MATCH(W4,Caliber!B13:'Caliber'!B23,0),2) -> 45 | Y4: =INDEX(Caliber!C13:'Caliber'!D23,MATCH(W4,Caliber!B13:'Caliber'!B23,0),2) -> 0.6 | Z4: [5,10,20]
A5: MSG 90 | B5: 43 | C5: 1x3 | D5: 46000 | E5: TRUE | F5: TRUE | G5: N/A | H5: 130 | I5: 85 | J5: 55 | K5: 70 | L5: 130 | M5: 90 | N5: 50 | O5: 200 | P5: 35 | Q5: 15 | R5: 200 | S5: 3 | T5: 1 | U5: 1 | V5: 3 | W5: 7.62mm Nato | X5: =INDEX(Caliber!B13:'Caliber'!C23,MATCH(W5,Caliber!B13:'Caliber'!B23,0),2) -> 45 | Y5: =INDEX(Caliber!C13:'Caliber'!D23,MATCH(W5,Caliber!B13:'Caliber'!B23,0),2) -> 0.6 | Z5: [5,20]
A6: VSS | B6: 16 | C6: 1x3 | D6: 57000 | E6: TRUE | F6: FALSE | G6: 50 | H6: 130 | I6: 80 | J6: 50 | K6: 70 | L6: 115 | M6: 75 | N6: 55 | O6: 200 | P6: 35 | Q6: 18 | R6: 200 | S6: 2 | T6: 1 | U6: 1 | V6: 3 | W6: 9.39mm | X6: =INDEX(Caliber!B13:'Caliber'!C23,MATCH(W6,Caliber!B13:'Caliber'!B23,0),2) -> 51 | Y6: =INDEX(Caliber!C13:'Caliber'!D23,MATCH(W6,Caliber!B13:'Caliber'!B23,0),2) -> 0.7 | Z6: [10,20]
A7: Dragunov | B7: 35 | C7: 1x3 | D7: 43000 | E7: TRUE | F7: TRUE | G7: N/A | H7: 130 | I7: 85 | J7: 55 | K7: 70 | L7: 120 | M7: 90 | N7: 45 | O7: 200 | P7: 35 | Q7: 20 | R7: 200 | S7: 5 | T7: 1 | U7: 1 | V7: 3 | W7: 7.62mm Soviet MMR | X7: =INDEX(Caliber!B13:'Caliber'!C23,MATCH(W7,Caliber!B13:'Caliber'!B23,0),2) -> 49 | Y7: =INDEX(Caliber!C13:'Caliber'!D23,MATCH(W7,Caliber!B13:'Caliber'!B23,0),2) -> 0.7 | Z7: [10]
A8: OSV 96 | B8: 65 | C8: 1x3 | D8: 62000 | E8: TRUE | F8: TRUE | G8: N/A | H8: 150 | I8: 80 | J8: 65 | K8: N/A | L8: 115 | M8: 70 | N8: N/A | O8: 200 | P8: 50 | Q8: N/A | R8: 200 | S8: 5 | T8: 1 | U8: 1 | V8: N/A | W8: 12.7mm | X8: =INDEX(Caliber!B13:'Caliber'!C23,MATCH(W8,Caliber!B13:'Caliber'!B23,0),2) -> 75 | Y8: =INDEX(Caliber!C13:'Caliber'!D23,MATCH(W8,Caliber!B13:'Caliber'!B23,0),2) -> 1 | Z8: [5]
A9: Sako TRG | B9: 40 | C9: 1x3 | D9: 52000 | E9: TRUE | F9: TRUE | G9: N/A | H9: 145 | I9: 90 | J9: 65 | K9: N/A | L9: 150 | M9: 100 | N9: N/A | O9: 200 | P9: 50 | Q9: N/A | R9: 200 | S9: 10 | T9: 1 | U9: 1 | V9: N/A | W9: .338 Lapua | X9: =INDEX(Caliber!B13:'Caliber'!C23,MATCH(W9,Caliber!B13:'Caliber'!B23,0),2) -> 61 | Y9: =INDEX(Caliber!C13:'Caliber'!D23,MATCH(W9,Caliber!B13:'Caliber'!B23,0),2) -> 0.8 | Z9: [5]
A10: AWP | B10: 47 | C10: 1x3 | D10: 47500 | E10: TRUE | F10: TRUE | G10: N/A | H10: 145 | I10: 80 | J10: 55 | K10: N/A | L10: 115 | M10: 80 | N10: N/A | O10: 200 | P10: 33 | Q10: N/A | R10: 200 | S10: 5 | T10: 1 | U10: 1 | V10: N/A | W10: 7.62mm Nato | X10: =INDEX(Caliber!B13:'Caliber'!C23,MATCH(W10,Caliber!B13:'Caliber'!B23,0),2) -> 45 | Y10: =INDEX(Caliber!C13:'Caliber'!D23,MATCH(W10,Caliber!B13:'Caliber'!B23,0),2) -> 0.6 | Z10: [10]
A11: AWM | B11: 47 | C11: 1x3 | D11: 51000 | E11: TRUE | F11: TRUE | G11: N/A | H11: 145 | I11: 85 | J11: 65 | K11: N/A | L11: 135 | M11: 85 | N11: N/A | O11: 200 | P11: 65 | Q11: N/A | R11: 200 | S11: 10 | T11: 1 | U11: 1 | V11: N/A | W11: .338 Lapua | X11: =INDEX(Caliber!B13:'Caliber'!C23,MATCH(W11,Caliber!B13:'Caliber'!B23,0),2) -> 61 | Y11: =INDEX(Caliber!C13:'Caliber'!D23,MATCH(W11,Caliber!B13:'Caliber'!B23,0),2) -> 0.8 | Z11: [5]
A12: M24 SWS | B12: 44 | C12: 1x3 | D12: 44000 | E12: TRUE | F12: TRUE | G12: N/A | H12: 145 | I12: 80 | J12: 55 | K12: N/A | L12: 110 | M12: 85 | N12: N/A | O12: 200 | P12: 35 | Q12: N/A | R12: 200 | S12: 5 | T12: 1 | U12: 1 | V12: N/A | W12: 7.62mm Nato | X12: =INDEX(Caliber!B13:'Caliber'!C23,MATCH(W12,Caliber!B13:'Caliber'!B23,0),2) -> 45 | Y12: =INDEX(Caliber!C13:'Caliber'!D23,MATCH(W12,Caliber!B13:'Caliber'!B23,0),2) -> 0.6 | Z12: [5]
A13: M82 | B13: 70 | C13: 1x3 | D13: 60000 | E13: TRUE | F13: TRUE | G13: N/A | H13: 150 | I13: 90 | J13: 70 | K13: N/A | L13: 130 | M13: 75 | N13: N/A | O13: 200 | P13: 50 | Q13: N/A | R13: 200 | S13: 12 | T13: 1 | U13: 1 | V13: N/A | W13: .50 BMG | X13: =INDEX(Caliber!B13:'Caliber'!C23,MATCH(W13,Caliber!B13:'Caliber'!B23,0),2) -> 70 | Y13: =INDEX(Caliber!C13:'Caliber'!D23,MATCH(W13,Caliber!B13:'Caliber'!B23,0),2) -> 1 | Z13: [5,10]
A14: M1 Garand | B14: 35 | C14: 1x3 | D14: N/A | E14: TRUE | F14: TRUE | G14: N/A | H14: 130 | I14: 80 | J14: 45 | K14: N/A | L14: 80 | M14: 60 | N14: N/A | O14: 30 | P14: 20 | Q14: N/A | R14: 200 | S14: 0 | T14: 1 | U14: 1 | V14: N/A | W14: .30-06 | X14: =INDEX(Caliber!B13:'Caliber'!C24,MATCH(W14,Caliber!B13:'Caliber'!B24,0),2) -> 40 | Y14: =INDEX(Caliber!C13:'Caliber'!D24,MATCH(W14,Caliber!B13:'Caliber'!B24,0),2) -> 0.5 | Z14: [8] | AA14: Unscoped, Sling
A15: M1D Garand | B15: 37 | C15: 1x3 | D15: N/A | E15: TRUE | F15: TRUE | G15: N/A | H15: 130 | I15: 85 | J15: 45 | K15: N/A | L15: 100 | M15: 55 | N15: N/A | O15: 200 | P15: 25 | Q15: N/A | R15: 200 | S15: 0 | T15: 1 | U15: 1 | V15: N/A | W15: .30-06 | X15: =INDEX(Caliber!B13:'Caliber'!C24,MATCH(W15,Caliber!B13:'Caliber'!B24,0),2) -> 40 | Y15: =INDEX(Caliber!C13:'Caliber'!D24,MATCH(W15,Caliber!B13:'Caliber'!B24,0),2) -> 0.5 | Z15: [8] | AA15: Sling
A16: Styer Scout | B16: 24 | C16: 1x3 | D16: 45000 | E16: TRUE | F16: TRUE | G16: N/A | H16: 145 | I16: 70 | J16: 50 | K16: N/A | L16: 115 | M16: 85 | N16: N/A | O16: 200 | P16: 35 | Q16: N/A | R16: 200 | S16: 5 | T16: 1 | U16: 1 | V16: N/A | W16: 5.56mm | X16: =INDEX(Caliber!B13:'Caliber'!C23,MATCH(W16,Caliber!B13:'Caliber'!B23,0),2) -> 37 | Y16: =INDEX(Caliber!C13:'Caliber'!D23,MATCH(W16,Caliber!B13:'Caliber'!B23,0),2) -> 0.4 | Z16: [10]
A17: SSG 08 | B17: 27 | C17: 1x3 | D17: 49000 | E17: TRUE | F17: TRUE | G17: N/A | H17: 145 | I17: 75 | J17: 50 | K17: N/A | L17: 125 | M17: 90 | N17: N/A | O17: 200 | P17: 35 | Q17: N/A | R17: 200 | S17: 5 | T17: 1 | U17: 1 | V17: N/A | W17: 7.62mm Nato | X17: =INDEX(Caliber!B13:'Caliber'!C23,MATCH(W17,Caliber!B13:'Caliber'!B23,0),2) -> 45 | Y17: =INDEX(Caliber!C13:'Caliber'!D23,MATCH(W17,Caliber!B13:'Caliber'!B23,0),2) -> 0.6 | Z17: [10]
X18: =INDEX(Caliber!B13:'Caliber'!C23,MATCH(W18,Caliber!B13:'Caliber'!B23,0),2) -> #N/A | Y18: =INDEX(Caliber!C13:'Caliber'!D23,MATCH(W18,Caliber!B13:'Caliber'!B23,0),2) -> #N/A
X19: =INDEX(Caliber!B13:'Caliber'!C23,MATCH(W19,Caliber!B13:'Caliber'!B23,0),2) -> #N/A | Y19: =INDEX(Caliber!C13:'Caliber'!D23,MATCH(W19,Caliber!B13:'Caliber'!B23,0),2) -> #N/A
X20: =INDEX(Caliber!B13:'Caliber'!C23,MATCH(W20,Caliber!B13:'Caliber'!B23,0),2) -> #N/A | Y20: =INDEX(Caliber!C13:'Caliber'!D23,MATCH(W20,Caliber!B13:'Caliber'!B23,0),2) -> #N/A
X21: =INDEX(Caliber!B13:'Caliber'!C23,MATCH(W21,Caliber!B13:'Caliber'!B23,0),2) -> #N/A | Y21: =INDEX(Caliber!C13:'Caliber'!D23,MATCH(W21,Caliber!B13:'Caliber'!B23,0),2) -> #N/A
X22: =INDEX(Caliber!B13:'Caliber'!C23,MATCH(W22,Caliber!B13:'Caliber'!B23,0),2) -> #N/A | Y22: =INDEX(Caliber!C13:'Caliber'!D23,MATCH(W22,Caliber!B13:'Caliber'!B23,0),2) -> #N/A
X23: =INDEX(Caliber!B13:'Caliber'!C23,MATCH(W23,Caliber!B13:'Caliber'!B23,0),2) -> #N/A | Y23: =INDEX(Caliber!C13:'Caliber'!D23,MATCH(W23,Caliber!B13:'Caliber'!B23,0),2) -> #N/A
X24: =INDEX(Caliber!B13:'Caliber'!C23,MATCH(W24,Caliber!B13:'Caliber'!B23,0),2) -> #N/A | Y24: =INDEX(Caliber!C13:'Caliber'!D23,MATCH(W24,Caliber!B13:'Caliber'!B23,0),2) -> #N/A
X25: =INDEX(Caliber!B13:'Caliber'!C23,MATCH(W25,Caliber!B13:'Caliber'!B23,0),2) -> #N/A | Y25: =INDEX(Caliber!C13:'Caliber'!D23,MATCH(W25,Caliber!B13:'Caliber'!B23,0),2) -> #N/A
X26: =INDEX(Caliber!B13:'Caliber'!C23,MATCH(W26,Caliber!B13:'Caliber'!B23,0),2) -> #N/A | Y26: =INDEX(Caliber!C13:'Caliber'!D23,MATCH(W26,Caliber!B13:'Caliber'!B23,0),2) -> #N/A
X27: =INDEX(Caliber!B13:'Caliber'!C23,MATCH(W27,Caliber!B13:'Caliber'!B23,0),2) -> #N/A | Y27: =INDEX(Caliber!C13:'Caliber'!D23,MATCH(W27,Caliber!B13:'Caliber'!B23,0),2) -> #N/A
X28: =INDEX(Caliber!B13:'Caliber'!C23,MATCH(W28,Caliber!B13:'Caliber'!B23,0),2) -> #N/A | Y28: =INDEX(Caliber!C13:'Caliber'!D23,MATCH(W28,Caliber!B13:'Caliber'!B23,0),2) -> #N/A
X29: =INDEX(Caliber!B13:'Caliber'!C23,MATCH(W29,Caliber!B13:'Caliber'!B23,0),2) -> #N/A | Y29: =INDEX(Caliber!C13:'Caliber'!D23,MATCH(W29,Caliber!B13:'Caliber'!B23,0),2) -> #N/A
X30: =INDEX(Caliber!B13:'Caliber'!C23,MATCH(W30,Caliber!B13:'Caliber'!B23,0),2) -> #N/A | Y30: =INDEX(Caliber!C13:'Caliber'!D23,MATCH(W30,Caliber!B13:'Caliber'!B23,0),2) -> #N/A

Sheet Shotguns
A1: Name | B1: weight | C1: size | D1: Cost | E1: two handed | F1: One hand pen. | G1: kneel bonus | H1: Choke | I1: tuAimed | J1: tuSnap | K1: tuAuto | L1: accAimed | M1: accSnap | N1: accAuto | O1: rangeAimed | P1: rangeSnap | Q1: rangeAuto | R1: maxRange | S1: minRange | T1: Aimed shots | U1: snap shots | V1: auto shots | W1: Caliber | X1: Power | Y1: Pellets | Z1: toArmorPre | AA1: Mag sizes | AB1: Notes:
A2: Double Barrel | B2: 32 | C2: 1x3 | D2: N/A | E2: TRUE | F2: 35 | G2: 115 | H2: 10 | I2: 65 | J2: 35 | K2: N/A | L2: 80 | M2: 40 | N2: N/A | O2: 14 | P2: 7 | Q2: N/A | R2: 30 | S2: 0 | T2: 1 | U2: 1 | V2: N/A | W2: 12G Buckshot | X2: =INDEX(Caliber!B26:'Caliber'!C33,MATCH(W2,Caliber!B26:'Caliber'!B33,0),2) -> 18 | Y2: =INDEX(Caliber!B26:'Caliber'!D33,MATCH(W2,Caliber!B26:'Caliber'!B33,0),3) -> 10 | Z2: =INDEX(Caliber!B26:'Caliber'!F33,MATCH(W2,Caliber!B26:'Caliber'!B33,0),5) -> 0 | AA2: [2]
A3: Serbu | B3: 12 | C3: 1x2 | D3: 30000 | E3: TRUE | F3: 80 | G3: 100 | H3: 0 | I3: 60 | J3: 30 | K3: N/A | L3: 75 | M3: 45 | N3: N/A | O3: 12 | P3: 5 | Q3: N/A | R3: 30 | S3: 0 | T3: 1 | U3: 1 | V3: N/A | W3: 12G Buckshot | X3: =INDEX(Caliber!B26:'Caliber'!C33,MATCH(W3,Caliber!B26:'Caliber'!B33,0),2) -> 18 | Y3: =INDEX(Caliber!B26:'Caliber'!D33,MATCH(W3,Caliber!B26:'Caliber'!B33,0),3) -> 10 | Z3: =INDEX(Caliber!B26:'Caliber'!F33,MATCH(W3,Caliber!B26:'Caliber'!B33,0),5) -> 0 | AA3: [5] | AB3: Breach ammo
A4: Remington 870 | B4: 25 | C4: 1x3 | D4: 21000 | E4: TRUE | F4: 35 | G4: 115 | H4: 5 | I4: 50 | J4: 30 | K4: N/A | L4: 95 | M4: 50 | N4: N/A | O4: 15 | P4: 7 | Q4: N/A | R4: 30 | S4: 0 | T4: 1 | U4: 1 | V4: N/A | W4: 12G Buckshot | X4: =INDEX(Caliber!B26:'Caliber'!C33,MATCH(W4,Caliber!B26:'Caliber'!B33,0),2) -> 18 | Y4: =INDEX(Caliber!B26:'Caliber'!D33,MATCH(W4,Caliber!B26:'Caliber'!B33,0),3) -> 10 | Z4: =INDEX(Caliber!B26:'Caliber'!F33,MATCH(W4,Caliber!B26:'Caliber'!B33,0),5) -> 0 | AA4: [8] | AB4: NL, Slug & Inc ammo
A5: Spas-12 | B5: 33 | C5: 1x3 | D5: 28000 | E5: TRUE | F5: 35 | G5: 115 | H5: 5 | I5: 55 | J5: 35 | K5: N/A | L5: 110 | M5: 55 | N5: N/A | O5: 18 | P5: 10 | Q5: N/A | R5: 30 | S5: 0 | T5: 1 | U5: 1 | V5: N/A | W5: 12G Buckshot | X5: =INDEX(Caliber!B26:'Caliber'!C33,MATCH(W5,Caliber!B26:'Caliber'!B33,0),2) -> 18 | Y5: =INDEX(Caliber!B26:'Caliber'!D33,MATCH(W5,Caliber!B26:'Caliber'!B33,0),3) -> 10 | Z5: =INDEX(Caliber!B26:'Caliber'!F33,MATCH(W5,Caliber!B26:'Caliber'!B33,0),5) -> 0 | AA5: [8] | AB5: NL, Slug & Inc ammo
A6: KS-23 | B6: 30 | C6: 1x3 | D6: 30000 | E6: TRUE | F6: 35 | G6: 115 | H6: 0 | I6: 55 | J6: 25 | K6: N/A | L6: 100 | M6: 60 | N6: N/A | O6: 20 | P6: 10 | Q6: N/A | R6: 30 | S6: 0 | T6: 1 | U6: 1 | V6: N/A | W6: Shrapnel-25 (4G) | X6: =INDEX(Caliber!B26:'Caliber'!C33,MATCH(W6,Caliber!B26:'Caliber'!B33,0),2) -> 18 | Y6: =INDEX(Caliber!B26:'Caliber'!D33,MATCH(W6,Caliber!B26:'Caliber'!B33,0),3) -> 20 | Z6: =INDEX(Caliber!B26:'Caliber'!F33,MATCH(W6,Caliber!B26:'Caliber'!B33,0),5) -> 0 | AA6: [3] | AB6: NL & Slug ammo
A7: Origin 12 | B7: 37 | C7: 1x3 | D7: 51000 | E7: TRUE | F7: 35 | G7: 115 | H7: 0 | I7: 40 | J7: 15 | K7: N/A | L7: 80 | M7: 50 | N7: N/A | O7: 15 | P7: 7 | Q7: N/A | R7: 30 | S7: 0 | T7: 1 | U7: 1 | V7: N/A | W7: 12G Buckshot | X7: =INDEX(Caliber!B26:'Caliber'!C33,MATCH(W7,Caliber!B26:'Caliber'!B33,0),2) -> 18 | Y7: =INDEX(Caliber!B26:'Caliber'!D33,MATCH(W7,Caliber!B26:'Caliber'!B33,0),3) -> 10 | Z7: =INDEX(Caliber!B26:'Caliber'!F33,MATCH(W7,Caliber!B26:'Caliber'!B33,0),5) -> 0 | AA7: [8,20,30] | AB7: NL & Slug ammo (8rnd only)
A8: AA-12 | B8: 46 | C8: 1x3 | D8: 40000 | E8: TRUE | F8: 35 | G8: 115 | H8: 0 | I8: 40 | J8: 75 | K8: 50 | L8: 80 | M8: 100 | N8: 65 | O8: 12 | P8: 18 | Q8: 7 | R8: 30 | S8: 0 | T8: 3 | U8: 1 | V8: 5 | W8: 12G Buckshot | X8: =INDEX(Caliber!B26:'Caliber'!C33,MATCH(W8,Caliber!B26:'Caliber'!B33,0),2) -> 18 | Y8: =INDEX(Caliber!B26:'Caliber'!D33,MATCH(W8,Caliber!B26:'Caliber'!B33,0),3) -> 10 | Z8: =INDEX(Caliber!B26:'Caliber'!F33,MATCH(W8,Caliber!B26:'Caliber'!B33,0),5) -> 0 | AA8: [8,20,30] | AB8: NL & Slug ammo (8rnd only)
A9: USAS 12 | B9: 42 | C9: 1x3 | D9: 32000 | E9: TRUE | F9: 35 | G9: 115 | H9: 0 | I9: 30 | J9: 65 | K9: 50 | L9: 60 | M9: 80 | N9: 50 | O9: 10 | P9: 14 | Q9: 4 | R9: 30 | S9: 0 | T9: 3 | U9: 1 | V9: 5 | W9: 12G Buckshot | X9: =INDEX(Caliber!B26:'Caliber'!C33,MATCH(W9,Caliber!B26:'Caliber'!B33,0),2) -> 18 | Y9: =INDEX(Caliber!B26:'Caliber'!D33,MATCH(W9,Caliber!B26:'Caliber'!B33,0),3) -> 10 | Z9: =INDEX(Caliber!B26:'Caliber'!F33,MATCH(W9,Caliber!B26:'Caliber'!B33,0),5) -> 0 | AA9: [8,20,30] | AB9: NL & Slug ammo (8rnd only)
A10: Saiga 12 | B10: 28 | C10: 1x3 | D10: 43000 | E10: TRUE | F10: 35 | G10: 115 | H10: 0 | I10: 25 | J10: 65 | K10: 45 | L10: 70 | M10: 90 | N10: 35 | O10: 9 | P10: 13 | Q10: 6 | R10: 30 | S10: 0 | T10: 3 | U10: 1 | V10: 5 | W10: 12G Buckshot | X10: =INDEX(Caliber!B26:'Caliber'!C33,MATCH(W10,Caliber!B26:'Caliber'!B33,0),2) -> 18 | Y10: =INDEX(Caliber!B26:'Caliber'!D33,MATCH(W10,Caliber!B26:'Caliber'!B33,0),3) -> 10 | Z10: =INDEX(Caliber!B26:'Caliber'!F33,MATCH(W10,Caliber!B26:'Caliber'!B33,0),5) -> 0 | AA10: [8,20,30] | AB10: NL & Slug ammo (8rnd only)
A11: M3 | B11: 24 | C11: 1x3 | D11: 21000 | E11: TRUE | F11: N/A | G11: 115 | H11: 30 | I11: 80 | J11: 45 | K11: N/A | L11: 115 | M11: 80 | N11: N/A | O11: 20 | P11: 12 | Q11: N/A | R11: 35 | S11: 0 | T11: 1 | U11: 1 | V11: N/A | W11: 12G Buckshot | X11: {=INDEX(Caliber!B26:'Caliber'!C33,MATCH(INDIRECT(ADDRESS(ROW(),COLUMN()-1)),Caliber!B26:'Caliber'!B33,0),2)} -> 18 | Y11: {=INDEX(Caliber!B26:'Caliber'!D33,MATCH(INDIRECT(ADDRESS(ROW(),COLUMN()-2)),Caliber!B26:'Caliber'!B33,0),3)} -> 10 | Z11: {=INDEX(Caliber!B26:'Caliber'!F33,MATCH(INDIRECT(ADDRESS(ROW(),COLUMN()-3)),Caliber!B26:'Caliber'!B33,0),5)} -> 0 | AA11: [8] | AB11: NL, Slug & Inc ammo
A12: M26 MASS | B12: 8 | C12: 1x2 | D12: 18000 | E12: TRUE | F12: N/A | G12: 115 | H12: 0 | I12: N/A | J12: 30 | K12: N/A | L12: N/A | M12: 50 | N12: N/A | O12: N/A | P12: 7 | Q12: N/A | R12: 30 | S12: 0 | T12: N/A | U12: 1 | V12: N/A | W12: 12G Buckshot | X12: {=INDEX(Caliber!B26:'Caliber'!C33,MATCH(INDIRECT(ADDRESS(ROW(),COLUMN()-1)),Caliber!B26:'Caliber'!B33,0),2)} -> 18 | Y12: {=INDEX(Caliber!B26:'Caliber'!D33,MATCH(INDIRECT(ADDRESS(ROW(),COLUMN()-2)),Caliber!B26:'Caliber'!B33,0),3)} -> 10 | Z12: {=INDEX(Caliber!B26:'Caliber'!F33,MATCH(INDIRECT(ADDRESS(ROW(),COLUMN()-3)),Caliber!B26:'Caliber'!B33,0),5)} -> 0 | AA12: [5]

Sheet LMGs
A1: Name | B1: weight | C1: size | D1: Cost | E1: two handed | F1: Block both hands | G1: One hand pen. | H1: kneel bonus | I1: tuAimed | J1: tuSnap | K1: tuAuto | L1: accAimed | M1: accSnap | N1: accAuto | O1: rangeAimed | P1: rangeSnap | Q1: rangeAuto | R1: maxRange | S1: minRange | T1: Movement pen. | U1: Aimed shots | V1: snap shots | W1: auto shots | X1: Caliber | Y1: Power | Z1: toArmorPre | AA1: Mag sizes | AB1: Notes:
A2: M60 | B2: 65 | C2: 2x3 | D2: N/A | E2: TRUE | F2: TRUE | G2: N/A | H2: 145 | I2: N/A | J2: 50 | K2: 75 | L2: N/A | M2: 45 | N2: 20 | O2: N/A | P2: 28 | Q2: 14 | R2: 200 | S2: 5 | T2: 85 | U2: N/A | V2: 5 | W2: 15 | X2: 7.62mm NATO | Y2: {=INDEX(Caliber!B13:'Caliber'!C23,MATCH(INDIRECT(ADDRESS(ROW(),COLUMN()-1)),Caliber!B13:'Caliber'!B23,0),2)} -> 45 | Z2: {=INDEX(Caliber!C13:'Caliber'!D23,MATCH(INDIRECT(ADDRESS(ROW(),COLUMN()-2)),Caliber!B13:'Caliber'!B23,0),2)} -> 0.6 | AA2: [50,100]
A3: FN Minimi | B3: 56 | C3: 2x3 | D3: N/A | E3: TRUE | F3: TRUE | G3: N/A | H3: 145 | I3: N/A | J3: 48 | K3: 70 | L3: N/A | M3: 55 | N3: 32 | O3: N/A | P3: 30 | Q3: 15 | R3: 200 | S3: 5 | T3: 85 | U3: N/A | V3: 5 | W3: 15 | X3: 5.56mm | Y3: {=INDEX(Caliber!B13:'Caliber'!C23,MATCH(INDIRECT(ADDRESS(ROW(),COLUMN()-1)),Caliber!B13:'Caliber'!B23,0),2)} -> 37 | Z3: {=INDEX(Caliber!C13:'Caliber'!D23,MATCH(INDIRECT(ADDRESS(ROW(),COLUMN()-2)),Caliber!B13:'Caliber'!B23,0),2)} -> 0.4 | AA3: [30,50,100]
A4: PKP Pecheneg | B4: 59 | C4: 2x3 | D4: 56500 | E4: TRUE | F4: TRUE | G4: N/A | H4: 145 | I4: N/A | J4: 55 | K4: 80 | L4: N/A | M4: 50 | N4: 20 | O4: N/A | P4: 40 | Q4: 20 | R4: 200 | S4: 5 | T4: 85 | U4: N/A | V4: 5 | W4: 15 | X4: 7.62mm Soviet mmr | Y4: {=INDEX(Caliber!B13:'Caliber'!C23,MATCH(INDIRECT(ADDRESS(ROW(),COLUMN()-1)),Caliber!B13:'Caliber'!B23,0),2)} -> 49 | Z4: {=INDEX(Caliber!C13:'Caliber'!D23,MATCH(INDIRECT(ADDRESS(ROW(),COLUMN()-2)),Caliber!B13:'Caliber'!B23,0),2)} -> 0.7 | AA4: [50,100]
A5: MK 48 | B5: 60 | C5: 2x3 | D5: 65000 | E5: TRUE | F5: TRUE | G5: N/A | H5: 145 | I5: N/A | J5: 50 | K5: 70 | L5: N/A | M5: 55 | N5: 25 | O5: N/A | P5: 35 | Q5: 18 | R5: 200 | S5: 5 | T5: 85 | U5: N/A | V5: 5 | W5: 15 | X5: 7.62mm NATO | Y5: {=INDEX(Caliber!B13:'Caliber'!C23,MATCH(INDIRECT(ADDRESS(ROW(),COLUMN()-1)),Caliber!B13:'Caliber'!B23,0),2)} -> 45 | Z5: {=INDEX(Caliber!C13:'Caliber'!D23,MATCH(INDIRECT(ADDRESS(ROW(),COLUMN()-2)),Caliber!B13:'Caliber'!B23,0),2)} -> 0.6 | AA5: [50,100]
A6: M249 Para | B6: 52 | C6: 2x3 | D6: 53000 | E6: TRUE | F6: TRUE | G6: N/A | H6: 145 | I6: N/A | J6: 45 | K6: 70 | L6: N/A | M6: 60 | N6: 30 | O6: N/A | P6: 30 | Q6: 15 | R6: 200 | S6: 5 | T6: 85 | U6: N/A | V6: 5 | W6: 15 | X6: 5.56mm | Y6: {=INDEX(Caliber!B13:'Caliber'!C23,MATCH(INDIRECT(ADDRESS(ROW(),COLUMN()-1)),Caliber!B13:'Caliber'!B23,0),2)} -> 37 | Z6: {=INDEX(Caliber!C13:'Caliber'!D23,MATCH(INDIRECT(ADDRESS(ROW(),COLUMN()-2)),Caliber!B13:'Caliber'!B23,0),2)} -> 0.4 | AA6: [30,50,100]
A7: Negev | B7: 49 | C7: 2x3 | D7: 55000 | E7: TRUE | F7: TRUE | G7: N/A | H7: 145 | I7: N/A | J7: 40 | K7: 70 | L7: N/A | M7: 65 | N7: 28 | O7: N/A | P7: 30 | Q7: 15 | R7: 200 | S7: 5 | T7: 85 | U7: N/A | V7: 5 | W7: 15 | X7: 5.56mm | Y7: {=INDEX(Caliber!B13:'Caliber'!C23,MATCH(INDIRECT(ADDRESS(ROW(),COLUMN()-1)),Caliber!B13:'Caliber'!B23,0),2)} -> 37 | Z7: {=INDEX(Caliber!C13:'Caliber'!D23,MATCH(INDIRECT(ADDRESS(ROW(),COLUMN()-2)),Caliber!B13:'Caliber'!B23,0),2)} -> 0.4 | AA7: [50,100]
A8: RPK 74 | B8: 38 | C8: 2x3 | D8: 49000 | E8: TRUE | F8: TRUE | G8: N/A | H8: 145 | I8: N/A | J8: 55 | K8: 75 | L8: N/A | M8: 65 | N8: 35 | O8: N/A | P8: 30 | Q8: 15 | R8: 200 | S8: 5 | T8: 85 | U8: N/A | V8: 5 | W8: 15 | X8: 5.45mm | Y8: {=INDEX(Caliber!B13:'Caliber'!C23,MATCH(INDIRECT(ADDRESS(ROW(),COLUMN()-1)),Caliber!B13:'Caliber'!B23,0),2)} -> 36 | Z8: {=INDEX(Caliber!C13:'Caliber'!D23,MATCH(INDIRECT(ADDRESS(ROW(),COLUMN()-2)),Caliber!B13:'Caliber'!B23,0),2)} -> 0.3 | AA8: [30,45]
A9: CBJ-MS SAW | B9: 24 | C9: 2x2 | D9: N/A | E9: TRUE | F9: FALSE | G9: 80 | H9: 145 | I9: 35 | J9: 40 | K9: 70 | L9: 60 | M9: 45 | N9: 35 | O9: 30 | P9: 10 | Q9: 10 | R9: 40 | S9: 4 | T9: 85 | U9: 2 | V9: 5 | W9: 15 | X9: 6.5mm CBJ | Y9: {=INDEX(Caliber!B2:'Caliber'!C11,MATCH(INDIRECT(ADDRESS(ROW(),COLUMN()-1)),Caliber!B2:'Caliber'!B11,0),2)} -> 30 | Z9: {=INDEX(Caliber!C2:'Caliber'!D11,MATCH(INDIRECT(ADDRESS(ROW(),COLUMN()-2)),Caliber!B2:'Caliber'!B11,0),2)} -> 0.35 | AA9: [30,100]
A10: FN MAG | B10: 78 | C10: 2x3 | D10: N/A | E10: TRUE | F10: TRUE | G10: N/A | H10: 145 | I10: N/A | J10: 70 | K10: 80 | L10: N/A | M10: 60 | N10: 40 | O10: N/A | P10: 35 | Q10: 20 | R10: 200 | S10: 5 | T10: 85 | U10: N/A | V10: 5 | W10: 15 | X10: 7.62mm NATO | Y10: {=INDEX(Caliber!B13:'Caliber'!C23,MATCH(INDIRECT(ADDRESS(ROW(),COLUMN()-1)),Caliber!B13:'Caliber'!B23,0),2)} -> 45 | Z10: {=INDEX(Caliber!C13:'Caliber'!D23,MATCH(INDIRECT(ADDRESS(ROW(),COLUMN()-2)),Caliber!B13:'Caliber'!B23,0),2)} -> 0.6 | AA10: [50,100]
A11: AUG HBAR | B11: 36 | C11: 1x3 | D11: 63000 | E11: TRUE | F11: TRUE | G11: N/A | H11: 145 | I11: N/A | J11: 60 | K11: 70 | L11: N/A | M11: 65 | N11: 40 | O11: N/A | P11: 40 | Q11: 20 | R11: 200 | S11: 5 | T11: 50 | U11: N/A | V11: 5 | W11: 15 | X11: 5.56mm | Y11: {=INDEX(Caliber!B13:'Caliber'!C23,MATCH(INDIRECT(ADDRESS(ROW(),COLUMN()-1)),Caliber!B13:'Caliber'!B23,0),2)} -> 37 | Z11: {=INDEX(Caliber!C14:'Caliber'!D24,MATCH(INDIRECT(ADDRESS(ROW(),COLUMN()-2)),Caliber!B14:'Caliber'!B24,0),2)} -> 0.4 | AA11: [30]
A12: MG36 | B12: 39 | C12: 1x3 | D12: 80000 | E12: TRUE | F12: TRUE | G12: N/A | H12: 145 | I12: N/A | J12: 35 | K12: 60 | L12: N/A | M12: 40 | N12: 20 | O12: N/A | P12: 30 | Q12: 15 | R12: 200 | S12: 5 | T12: 85 | U12: N/A | V12: 5 | W12: 15 | X12: 5.56mm | Y12: {=INDEX(Caliber!B13:'Caliber'!C23,MATCH(INDIRECT(ADDRESS(ROW(),COLUMN()-1)),Caliber!B13:'Caliber'!B23,0),2)} -> 37 | Z12: {=INDEX(Caliber!C14:'Caliber'!D24,MATCH(INDIRECT(ADDRESS(ROW(),COLUMN()-2)),Caliber!B14:'Caliber'!B24,0),2)} -> 0.4 | AA12: [30,100]
A13: C7A1 LSW | B13: 30 | C13: 1x3 | D13: N/A | E13: TRUE | F13: TRUE | G13: N/A | H13: 145 | I13: N/A | J13: 45 | K13: 65 | L13: N/A | M13: 45 | N13: 25 | O13: N/A | P13: 25 | Q13: 17 | R13: 200 | S13: 5 | T13: 85 | U13: N/A | V13: 5 | W13: 15 | X13: 5.56mm | Y13: {=INDEX(Caliber!B13:'Caliber'!C23,MATCH(INDIRECT(ADDRESS(ROW(),COLUMN()-1)),Caliber!B13:'Caliber'!B23,0),2)} -> 37 | Z13: {=INDEX(Caliber!C14:'Caliber'!D24,MATCH(INDIRECT(ADDRESS(ROW(),COLUMN()-2)),Caliber!B14:'Caliber'!B24,0),2)} -> 0.4 | AA13: [30,100]
A14: Ultimax 100 | B14: 48 | C14: 2x3 | D14: 57000 | E14: TRUE | F14: TRUE | G14: N/A | H14: 145 | I14: N/A | J14: 55 | K14: 60 | L14: N/A | M14: 63 | N14: 35 | O14: N/A | P14: 30 | Q14: 20 | R14: 200 | S14: 5 | T14: 85 | U14: N/A | V14: 5 | W14: 15 | X14: 5.56mm | Y14: {=INDEX(Caliber!B13:'Caliber'!C23,MATCH(INDIRECT(ADDRESS(ROW(),COLUMN()-1)),Caliber!B13:'Caliber'!B23,0),2)} -> 37 | Z14: {=INDEX(Caliber!C14:'Caliber'!D24,MATCH(INDIRECT(ADDRESS(ROW(),COLUMN()-2)),Caliber!B14:'Caliber'!B24,0),2)} -> 0.4 | AA14: [30,100]
A15: M60E6 | B15: 47 | C15: 2x3 | D15: 60000 | E15: TRUE | F15: TRUE | G15: N/A | H15: 145 | I15: N/A | J15: 50 | K15: 75 | L15: N/A | M15: 50 | N15: 23 | O15: N/A | P15: 30 | Q15: 15 | R15: 200 | S15: 5 | T15: 85 | U15: N/A | V15: 5 | W15: 15 | X15: 7.62mm NATO | Y15: {=INDEX(Caliber!B13:'Caliber'!C23,MATCH(INDIRECT(ADDRESS(ROW(),COLUMN()-1)),Caliber!B13:'Caliber'!B23,0),2)} -> 45 | Z15: {=INDEX(Caliber!C14:'Caliber'!D24,MATCH(INDIRECT(ADDRESS(ROW(),COLUMN()-2)),Caliber!B14:'Caliber'!B24,0),2)} -> 0.6 | AA15: [50,100]

Sheet Explosives
A1: Name | B1: weight | C1: size | D1: Cost | E1: two handed | F1: Block both hands | G1: One hand pen. | H1: kneel bonus | I1: tuAimed | J1: tuSnap | K1: tuAuto | L1: accAimed | M1: accSnap | N1: accAuto | O1: rangeAimed | P1: rangeSnap | Q1: rangeAuto | R1: maxRange | S1: minRange | T1: Aimed shots | U1: snap shots | V1: auto shots | W1: Caliber | X1: Power | Y1: toArmorPre | Z1: Mag sizes | AA1: Notes:
A2: M320 | B2: 12 | C2: 2x2 | D2: 19500 | E2: TRUE | F2: FALSE | G2: 80 | H2: 100 | I2: 70 | J2: 50 | K2: N/A | L2: 70 | M2: 50 | N2: N/A | O2: 25 | P2: 18 | Q2: N/A | R2: 30 | S2: 0 | T2: 1 | U2: 1 | V2: N/A | W2: 40MM Frag | X2: {=INDEX(Caliber!B35:'Caliber'!C43,MATCH(INDIRECT(ADDRESS(ROW(),COLUMN()-1)),Caliber!B35:'Caliber'!B43,0),2)} -> 50 | Y2: {=INDEX(Caliber!C35:'Caliber'!D43,MATCH(INDIRECT(ADDRESS(ROW(),COLUMN()-2)),Caliber!B35:'Caliber'!B43,0),2)} -> 0.2 | Z2: [1] | AA2: Smoke + NL
A3: MGL | B3: 52 | C3: 2x3 | D3: 61500 | E3: TRUE | F3: TRUE | G3: N/A | H3: 115 | I3: 65 | J3: 30 | K3: N/A | L3: 75 | M3: 40 | N3: N/A | O3: 30 | P3: 10 | Q3: N/A | R3: 45 | S3: 0 | T3: 1 | U3: 1 | V3: N/A | W3: 40MM Frag | X3: {=INDEX(Caliber!B35:'Caliber'!C43,MATCH(INDIRECT(ADDRESS(ROW(),COLUMN()-1)),Caliber!B35:'Caliber'!B43,0),2)} -> 50 | Y3: {=INDEX(Caliber!C35:'Caliber'!D43,MATCH(INDIRECT(ADDRESS(ROW(),COLUMN()-2)),Caliber!B35:'Caliber'!B43,0),2)} -> 0.2 | Z3: [1,3,6] | AA3: Smoke + NL (1x)
A4: GM 94 | B4: 36 | C4: 1x2 | D4: 38000 | E4: TRUE | F4: FALSE | G4: 80 | H4: 100 | I4: 79 | J4: 25 | K4: N/A | L4: 60 | M4: 45 | N4: N/A | O4: 79 | P4: 25 | Q4: N/A | R4: 30 | S4: 0 | T4: 1 | U4: 1 | V4: N/A | W4: 40MM Frag | X4: {=INDEX(Caliber!B35:'Caliber'!C43,MATCH(INDIRECT(ADDRESS(ROW(),COLUMN()-1)),Caliber!B35:'Caliber'!B43,0),2)} -> 50 | Y4: {=INDEX(Caliber!C35:'Caliber'!D43,MATCH(INDIRECT(ADDRESS(ROW(),COLUMN()-2)),Caliber!B35:'Caliber'!B43,0),2)} -> 0.2 | Z4: [1,3] | AA4: Smoke + NL (1x)
A5: Carl Gustaf | B5: 65 | C5: 2x3 | D5: 87000 | E5: TRUE | F5: TRUE | G5: N/A | H5: 150 | I5: 80 | J5: 60 | K5: N/A | L5: 120 | M5: 60 | N5: N/A | O5: 15 | P5: 10 | Q5: N/A | R5: 200 | S5: 7 | T5: 1 | U5: 1 | V5: N/A | W5: Carl Gustaf HEAT | X5: {=INDEX(Caliber!B35:'Caliber'!C43,MATCH(INDIRECT(ADDRESS(ROW(),COLUMN()-1)),Caliber!B35:'Caliber'!B43,0),2)} -> 200 | Y5: {=INDEX(Caliber!C35:'Caliber'!D43,MATCH(INDIRECT(ADDRESS(ROW(),COLUMN()-2)),Caliber!B35:'Caliber'!B43,0),2)} -> 1 | Z5: [1] | AA5: HE Rocket
A6: RPG 7 | B6: 58 | C6: 2x3 | D6: N/A | E6: TRUE | F6: TRUE | G6: N/A | H6: 150 | I6: 85 | J6: 65 | K6: N/A | L6: 100 | M6: 50 | N6: N/A | O6: 12 | P6: 8 | Q6: N/A | R6: 200 | S6: 7 | T6: 1 | U6: 1 | V6: N/A | W6: RPG HEAT | X6: {=INDEX(Caliber!B35:'Caliber'!C43,MATCH(INDIRECT(ADDRESS(ROW(),COLUMN()-1)),Caliber!B35:'Caliber'!B43,0),2)} -> 150 | Y6: {=INDEX(Caliber!C35:'Caliber'!D43,MATCH(INDIRECT(ADDRESS(ROW(),COLUMN()-2)),Caliber!B35:'Caliber'!B43,0),2)} -> 1 | Z6: [1] | AA6: HE Rocket
A7: RPG 29 | B7: 70 | C7: 1x3 | D7: 72000 | E7: TRUE | F7: TRUE | G7: N/A | H7: 150 | I7: 75 | J7: 60 | K7: N/A | L7: 110 | M7: 55 | N7: N/A | O7: 14 | P7: 8 | Q7: N/A | R7: 200 | S7: 7 | T7: 1 | U7: 1 | V7: N/A | W7: RPG 29 HEAT | X7: {=INDEX(Caliber!B35:'Caliber'!C43,MATCH(INDIRECT(ADDRESS(ROW(),COLUMN()-1)),Caliber!B35:'Caliber'!B43,0),2)} -> 190 | Y7: {=INDEX(Caliber!C35:'Caliber'!D43,MATCH(INDIRECT(ADDRESS(ROW(),COLUMN()-2)),Caliber!B35:'Caliber'!B43,0),2)} -> 1 | Z7: [1] | AA7: Thermo Rocket
A8: M72 LAW | B8: 30 | C8: 1x3 | D8: 15000 | E8: TRUE | F8: TRUE | G8: N/A | H8: 150 | I8: 50 | J8: 30 | K8: N/A | L8: 100 | M8: 60 | N8: N/A | O8: 11 | P8: 7 | Q8: N/A | R8: 200 | S8: 7 | T8: 1 | U8: 1 | V8: N/A | W8: M72 LAW | X8: {=INDEX(Caliber!B35:'Caliber'!C45,MATCH(INDIRECT(ADDRESS(ROW(),COLUMN()-1)),Caliber!B35:'Caliber'!B45,0),2)} -> 95 | Y8: {=INDEX(Caliber!C35:'Caliber'!D45,MATCH(INDIRECT(ADDRESS(ROW(),COLUMN()-2)),Caliber!B35:'Caliber'!B45,0),2)} -> 0.75 | Z8: [1] | AA8: Single Use
X9: {=INDEX(Caliber!B35:'Caliber'!C43,MATCH(INDIRECT(ADDRESS(ROW(),COLUMN()-1)),Caliber!B35:'Caliber'!B43,0),2)} -> #N/A | Y9: {=INDEX(Caliber!C35:'Caliber'!D43,MATCH(INDIRECT(ADDRESS(ROW(),COLUMN()-2)),Caliber!B35:'Caliber'!B43,0),2)} -> #N/A
X10: {=INDEX(Caliber!B35:'Caliber'!C43,MATCH(INDIRECT(ADDRESS(ROW(),COLUMN()-1)),Caliber!B35:'Caliber'!B43,0),2)} -> #N/A | Y10: {=INDEX(Caliber!C35:'Caliber'!D43,MATCH(INDIRECT(ADDRESS(ROW(),COLUMN()-2)),Caliber!B35:'Caliber'!B43,0),2)} -> #N/A
X11: {=INDEX(Caliber!B35:'Caliber'!C43,MATCH(INDIRECT(ADDRESS(ROW(),COLUMN()-1)),Caliber!B35:'Caliber'!B43,0),2)} -> #N/A | Y11: {=INDEX(Caliber!C35:'Caliber'!D43,MATCH(INDIRECT(ADDRESS(ROW(),COLUMN()-2)),Caliber!B35:'Caliber'!B43,0),2)} -> #N/A
X12: {=INDEX(Caliber!B35:'Caliber'!C43,MATCH(INDIRECT(ADDRESS(ROW(),COLUMN()-1)),Caliber!B35:'Caliber'!B43,0),2)} -> #N/A | Y12: {=INDEX(Caliber!C35:'Caliber'!D43,MATCH(INDIRECT(ADDRESS(ROW(),COLUMN()-2)),Caliber!B35:'Caliber'!B43,0),2)} -> #N/A
X13: {=INDEX(Caliber!B35:'Caliber'!C43,MATCH(INDIRECT(ADDRESS(ROW(),COLUMN()-1)),Caliber!B35:'Caliber'!B43,0),2)} -> #N/A | Y13: {=INDEX(Caliber!C35:'Caliber'!D43,MATCH(INDIRECT(ADDRESS(ROW(),COLUMN()-2)),Caliber!B35:'Caliber'!B43,0),2)} -> #N/A
X14: {=INDEX(Caliber!B35:'Caliber'!C43,MATCH(INDIRECT(ADDRESS(ROW(),COLUMN()-1)),Caliber!B35:'Caliber'!B43,0),2)} -> #N/A | Y14: {=INDEX(Caliber!C35:'Caliber'!D43,MATCH(INDIRECT(ADDRESS(ROW(),COLUMN()-2)),Caliber!B35:'Caliber'!B43,0),2)} -> #N/A
X15: {=INDEX(Caliber!B35:'Caliber'!C43,MATCH(INDIRECT(ADDRESS(ROW(),COLUMN()-1)),Caliber!B35:'Caliber'!B43,0),2)} -> #N/A | Y15: {=INDEX(Caliber!C35:'Caliber'!D43,MATCH(INDIRECT(ADDRESS(ROW(),COLUMN()-2)),Caliber!B35:'Caliber'!B43,0),2)} -> #N/A
X16: {=INDEX(Caliber!B35:'Caliber'!C43,MATCH(INDIRECT(ADDRESS(ROW(),COLUMN()-1)),Caliber!B35:'Caliber'!B43,0),2)} -> #N/A | Y16: {=INDEX(Caliber!C35:'Caliber'!D43,MATCH(INDIRECT(ADDRESS(ROW(),COLUMN()-2)),Caliber!B35:'Caliber'!B43,0),2)} -> #N/A

Sheet Other info
A1: 50 AE graph

Sheet Armor
A1: Type | B1: Armor | F1: Stats | K1: Hazard Resistance | L1: Explosion Resistance | M1: DayCamo NightCamo | N1: DayVision NightVision | O1: AntiDayCamo AntiNightCamo | P1: HeatVision
B2: Front | C2: Side | D2: Rear | E2: Under | F2: Tu | G2: Stamina | H2: Bravery | I2: Firing | J2: Strenght
A3: Default | B3: 4 | C3: 4 | D3: 4 | E3: 4 | K3: 1 | L3: 1 | M3: 0 0 | N3: 30 9 | O3: 0 0 | P3: 0
A4: Default Backpack | B4: 4 | C4: 4 | D4: 4 | E4: 4 | G4: -5 | J4: -2 | K4: 1 | L4: 1 | M4: 0 0 | N4: 30 9 | O4: 0 0 | P4: 0
A5: Default Kevlar | B5: 30 | C5: 10 | D5: 30 | E5: 4 | F5: -5 | G5: -15 | H5: 10 | J5: -10 | K5: 1 | L5: 1 | M5: 0 0 | N5: 30 9 | O5: 0 0 | P5: 0
A6: Default Kevlar Backpack | B6: 30 | C6: 10 | D6: 30 | E6: 4 | F6: -5 | G6: -20 | H6: 10 | J6: -12 | K6: 1 | L6: 1 | M6: 0 0 | N6: 30 9 | O6: 0 0 | P6: 0
A7: Default Kevlar NV | B7: 30 | C7: 10 | D7: 30 | E7: 4 | F7: -5 | G7: -15 | H7: 10 | J7: -10 | K7: 1 | L7: 1 | M7: 0 0 | N7: 30 18 | O7: 0 0 | P7: 0
A8: Default Kevlar Backpack NV | B8: 30 | C8: 10 | D8: 30 | E8: 4 | F8: -5 | G8: -20 | H8: 10 | J8: -12 | K8: 1 | L8: 1 | M8: 0 0 | N8: 30 18 | O8: 0 0 | P8: 0
A9: Default Kevlar ADVNV | B9: 30 | C9: 10 | D9: 30 | E9: 4 | F9: -5 | G9: -15 | H9: 10 | J9: -10 | K9: 1 | L9: 1 | M9: 0 0 | N9: 30 25 | O9: 25 30 | P9: 100
A10: Default Kevlar Backpack ADVNV | B10: 30 | C10: 10 | D10: 30 | E10: 4 | F10: -5 | G10: -20 | H10: 10 | J10: -12 | K10: 1 | L10: 1 | M10: 0 0 | N10: 30 9 | O10: 25 30 | P10: 100
A11: Default Kevlar Riot | B11: 35 | C11: 15 | D11: 30 | E11: 4 | F11: -10 | G11: -15 | H11: 15 | I11: -3 | J11: -14 | K11: 1 | L11: 1 | M11: 0 0 | N11: 30 9 | O11: 0 0 | P11: 0
A12: Default Kevlar Riot Backpack | B12: 35 | C12: 15 | D12: 30 | E12: 4 | F12: -14 | G12: -20 | H12: 15 | I12: -3 | J12: -17 | K12: 1 | L12: 1 | M12: 0 0 | N12: 30 9 | O12: 0 0 | P12: 0
A13: Camo | B13: 4 | C13: 4 | D13: 4 | E13: 4 | K13: 1 | L13: 1 | M13: 8 4 | N13: 30 9 | O13: 0 0 | P13: 0
A14: Camo Backpack | B14: 4 | C14: 4 | D14: 4 | E14: 4 | G14: -5 | J14: -2 | K14: 1 | L14: 1 | M14: 8 4 | N14: 30 9 | O14: 0 0 | P14: 0
A15: Camo Kevlar | B15: 30 | C15: 10 | D15: 30 | E15: 4 | F15: -5 | G15: -15 | H15: 10 | J15: -10 | K15: 1 | L15: 1 | M15: 8 4 | N15: 30 9 | O15: 0 0 | P15: 0
A16: Camo Kevlar Backpack | B16: 30 | C16: 10 | D16: 30 | E16: 4 | F16: -5 | G16: -20 | H16: 10 | J16: -12 | K16: 1 | L16: 1 | M16: 8 4 | N16: 30 9 | O16: 0 0 | P16: 0
A17: Camo Kevlar NV | B17: 30 | C17: 10 | D17: 30 | E17: 4 | F17: -5 | G17: -15 | H17: 10 | J17: -10 | K17: 1 | L17: 1 | M17: 8 4 | N17: 30 18 | O17: 0 0 | P17: 0
A18: Camo Kevlar Backpack NV | B18: 30 | C18: 10 | D18: 30 | E18: 4 | F18: -5 | G18: -20 | H18: 10 | J18: -12 | K18: 1 | L18: 1 | M18: 8 4 | N18: 30 18 | O18: 0 0 | P18: 0
A19: Camo Kevlar ADVNV | B19: 30 | C19: 10 | D19: 30 | E19: 4 | F19: -5 | G19: -15 | H19: 10 | J19: -10 | K19: 1 | L19: 1 | M19: 8 4 | N19: 30 25 | O19: 25 30 | P19: 100
A20: Camo Kevlar Backpack ADVNV | B20: 30 | C20: 10 | D20: 30 | E20: 4 | F20: -5 | G20: -20 | H20: 10 | J20: -12 | K20: 1 | L20: 1 | M20: 8 4 | N20: 30 25 | O20: 25 30 | P20: 100
A21: Gas | B21: 4 | C21: 4 | D21: 4 | E21: 4 | I21: -6 | K21: 0 | L21: 1 | M21: 0 0 | N21: 26 5 | O21: 0 0 | P21: 0
A22: Gas Backpack | B22: 4 | C22: 4 | D22: 4 | E22: 4 | G22: -5 | I22: -6 | J22: -2 | K22: 0 | L22: 1 | M22: 0 0 | N22: 26 5 | O22: 0 0 | P22: 0
A23: Gas Kevlar | B23: 30 | C23: 10 | D23: 30 | E23: 4 | F23: -5 | G23: -15 | H23: 10 | I23: -6 | J23: -10 | K23: 0 | L23: 1 | M23: 0 0 | N23: 26 5 | O23: 0 0 | P23: 0
A24: Gas Kevlar Backpack | B24: 30 | C24: 10 | D24: 30 | E24: 4 | F24: -5 | G24: -20 | H24: 10 | I24: -6 | J24: -12 | K24: 0 | L24: 1 | M24: 0 0 | N24: 26 5 | O24: 0 0 | P24: 0
A25: Gas Kevlar NV | B25: 30 | C25: 10 | D25: 30 | E25: 4 | F25: -5 | G25: -15 | H25: 10 | I25: -6 | J25: -10 | K25: 0 | L25: 1 | M25: 0 0 | N25: 26 18 | O25: 0 0 | P25: 0
A26: Gas Kevlar Backpack NV | B26: 30 | C26: 10 | D26: 30 | E26: 4 | F26: -5 | G26: -20 | H26: 10 | I26: -6 | J26: -12 | K26: 0 | L26: 1 | M26: 0 0 | N26: 26 18 | O26: 0 0 | P26: 100
A27: Gas Kevlar ADVNV | B27: 30 | C27: 10 | D27: 30 | E27: 4 | F27: -5 | G27: -15 | H27: 10 | I27: -6 | J27: -10 | K27: 0 | L27: 1 | M27: 0 0 | N27: 26 25 | O27: 25 30 | P27: 100
A28: Gas Kevlar Backpack ADVNV | B28: 30 | C28: 10 | D28: 30 | E28: 4 | F28: -5 | G28: -20 | H28: 10 | I28: -6 | J28: -12 | K28: 0 | L28: 1 | M28: 0 0 | N28: 26 25 | O28: 25 30 | P28: 0
A29: Heavy | B29: 40 | C29: 20 | D29: 40 | E29: 4 | F29: -10 | G29: -20 | H29: 20 | I29: -5 | J29: -15 | K29: 1 | L29: 1 | M29: 0 0 | N29: 26 5 | O29: 0 0 | P29: 0
A30: Heavy NV | B30: 40 | C30: 20 | D30: 40 | E30: 4 | F30: -10 | G30: -20 | H30: 20 | I30: -5 | J30: -15 | K30: 1 | L30: 1 | M30: 0 0 | N30: 26 18 | O30: 0 0 | P30: 0
A31: Heavy ADVNV | B31: 40 | C31: 20 | D31: 40 | E31: 4 | F31: -10 | G31: -20 | H31: 20 | I31: -5 | J31: -15 | K31: 1 | L31: 1 | M31: 0 0 | N31: 26 25 | O31: 0 0 | P31: 100
A32: EOD | B32: 30 | C32: 25 | D32: 30 | E32: 20 | F32: -20 | G32: -30 | H32: 10 | I32: -40 | J32: -20 | K32: 0 | L32: 0.3 | M32: 0 0 | N32: 26 5 | O32: 0 0 | P32: 0

Sheet Units
A1: Faction | B1: Type | C1: Tu | D1: Stamina | E1: Health | F1: Bravery | G1: Reactions | H1: Firing | I1: Throwing | J1: Strenght | K1: Melee | L1: Point Value | M1: Aggression Intelligence | N1: Spotter Sniper | O1: Recruit Cost | P1: Salary + Per Rank
A2: Player | B2: Operator | C2: 70-80 100 | D2: 60-80 110 | E2: 40-50 60 | F2: 60-70 100 | G2: 50-70 100 | H2: 70-80 110 | I2: 60-70 80 | J2: 55-65 120 | K2: 70-80 100 | L2: 100 | O2: 100000 <=vet diff 200000 >vet diff | P2: 1/2 Recruit cost + 10000
A3: European/American Generic | B3: Commander | C3: 80 | D3: 100 | E3: 45 | F3: 90 | G3: 65 | H3: 70 | I3: 55 | J3: 100 | K3: 70 | L3: 50 | M3: 1 3 | N3: 3 1
B4: Leader | C4: 70 | D4: 100 | E4: 50 | F4: 90 | G4: 60 | H4: 70 | I4: 55 | J4: 100 | K4: 70 | L4: 40 | M4: 1 3 | N4: 3 1
B5: SAW | C5: 60 | D5: 100 | E5: 40 | F5: 50 | G5: 30 | H5: 60 | I5: 55 | J5: 100 | K5: 55 | L5: 25 | M5: 1 1 | N5: 1 2
B6: Rifleman | C6: 65 | D6: 100 | E6: 35 | F6: 50 | G6: 40 | H6: 55 | I6: 55 | J6: 100 | K6: 55 | L6: 20 | M6: 1 2 | N6: 1 1
B7: Raider | C7: 75 | D7: 100 | E7: 40 | F7: 70 | G7: 50 | H7: 55 | I7: 55 | J7: 100 | K7: 60 | L7: 20 | M7: 2 1 | N7: 0 0
B8: Grunt | C8: 60 | D8: 100 | E8: 30 | F8: 40 | G8: 35 | H8: 45 | I8: 50 | J8: 100 | K8: 55 | L8: 15 | M8: 0 1 | N8: 0 0
B9: Grenadier | C9: 60 | D9: 100 | E9: 30 | F9: 50 | G9: 35 | H9: 50 | I9: 70 | J9: 100 | K9: 60 | L9: 30 | M9: 2 1 | N9: 0 0
B10: Sniper | C10: 60 | D10: 100 | E10: 30 | F10: 50 | G10: 30 | H10: 65 | I10: 45 | J10: 100 | K10: 55 | L10: 30 | M10: 0 2 | N10: 2 3
A11: Private Security | B11: Commander
B12: Leader | C12: 90 | D12: 100 | E12: 50 | F12: 100 | G12: 90 | H12: 85 | I12: 75 | J12: 100 | K12: 80 | L12: 50 | M12: 1 5 | N12: 5 3
B13: Shield | C13: 70 | D13: 100 | E13: 50 | F13: 80 | G13: 45 | H13: 65 | I13: 60 | J13: 100 | K13: 80 | L13: 30 | M13: 1 3 | N13: 3 0
B14: Rifleman | C14: 75 | D14: 100 | E14: 45 | F14: 80 | G14: 65 | H14: 70 | I14: 65 | J14: 100 | K14: 70 | L14: 30 | M14: 1 3 | N14: 3 1
B15: Heavy | C15: 85 | D15: 100 | E15: 50 | F15: 90 | G15: 75 | H15: 65 | I15: 65 | J15: 100 | K15: 300 | L15: 30 | M15: 1 3 | N15: 3 0
B16: Grunt | C16: 75 | D16: 100 | E16: 40 | F16: 80 | G16: 55 | H16: 65 | I16: 65 | J16: 100 | K16: 70 | L16: 30 | M16: 1 3 | N16: 3 0
B17: SAW | C17: 75 | D17: 100 | E17: 45 | F17: 80 | G17: 45 | H17: 70 | I17: 60 | J17: 100 | K17: 70 | L17: 30 | M17: 1 3 | N17: 3 2
B18: Sniper | C18: 70 | D18: 100 | E18: 40 | F18: 80 | G18: 45 | H18: 85 | I18: 55 | J18: 100 | K18: 60 | L18: 30 | M18: 0 5 | N18: 3 5

Sheet Enemy Weapons
A1: Faction | B1: Rank | C1: Unit | D1: Region | E1: Tier 1 | F1: Tier 2 | G1: Tier 3 | H1: Armor
A2: Terrorist | B2: Commander | C2: Commander | D2: Eastern Europe | E2: AK-12/Aks-74u (Sopmod)/RK-62 | F2: AK-12/Aks-74u (Sopmod)/RK-62 | G2: SR3 | H2: Vest (30)
D3: Western Europe | E3: HK416/G36/Famas | F3: HK416/G36/Famas | G3: FN SCAR L/FN SCAR H/?
D4: North America | E4: M4 Carbine/FX-05/FX-05 | F4: M4 Carbine/ACR/Deagle | G4: Kriss Vector/ACR/Gold Deagle
B5: Leader | C5: Leader | D5: Eastern Europe | E5: AKs-74u/Stechkin/Glock 17 | F5: AKs-74u (Sopmod)/AK-74 (GP-25 Smoke)/AK-74 (GP-25 Frag) | G5: AKs-74u (Sopmod)/AK-74 (GP-25 Frag)/Vektor | H5: Vest (30)
D6: Western Europe | E6: TEC-9/Glock18/Spas 12 | F6: AR-18/Spas 12/G3 | G6: AR-18/G3/Spas 12 (Inc)
D7: North America | E7: Remington 870/M9/Deagle | F7: M16/M16 (m203 Smoke)/Deagle | G7: M4 Carbine/M4 (UBS)/Deagle
B8: Engineer | C8: SAW | D8: Eastern Europe | E8: AKM/AK-74 | F8: RPK/RPK/AKM | G8: PKP Pecheneg | H8: None
D9: Western Europe | E9: AK-74 | F9: FN Minimi/FN Minimi/FN MAG | G9: FN MAG/FN MAG/FN Minimi
D10: North America | E10: M16 | F10: M60/M60/C7A1 LSW | G10: M249/M60/M60
B11: Medic | C11: Rifleman | D11: Eastern Europe | E11: AKM/AKs-74u/? | F11: AKM/AKs-74u/? | G11: (1 Grenade) + (AK-74/?/AKs-74u) | H11: None
D12: Western Europe | E12: AKM | F12: AK-74/G3? | G12: AR-18/G3?
D13: North America | E13: AR-180 | F13: M16 | G13: M4 Carbine
B14: Navigator | C14: Raider | D14: Eastern Europe | E14: Double Barrel/Skorpion/Uzi | F14: Double Barrel/Skorpion/Uzi | G14: KS-23/KS-23 (slug)/KS-23(NL) | H14: Vest (30)
D15: Western Europe | E15: Skorpion/Uzi/Skorpion | F15: Spas12/Remington 870/Spas12(slug) | G15: Spas12/Remington 870 (slug)/Spas12
D16: North America | E16: M3 Grease Gun/Double Barrel/Skorpion | F16: Remington 870/M3/Remington (slug) | G16: Remington 870/M3 (slug)/M3
B17: Soldier | C17: Grunt | D17: Eastern Europe | E17: Makarov | F17: Skorpion | G17: Skorpion | H17: None
D18: Western Europe | E18: Hi-Power | F18: TEC-9/TEC-9/Skorpion | G18: TEC-9/TEC-9/Skorpion
D19: North America | E19: M1911/M9/Dual M9s | F19: M3 Grease Gun/TEC-9/M3 Grease Gun | G19: M3 Grease Gun/TEC-9/M3 Grease Gun
B20: Terrorist 1 | C20: Grenadier | D20: Eastern Europe | E20: Makarov (2 Grenades) | F20: RPG-7/Ak-74 (GP-25)/Ak-74 (GP-25) | G20: RPG-7 (2 Rockets) | H20: None
D21: Western Europe | E21: Hi-Power (2 Molotovs) | F21: RPG-7/Ak-74 (GP-25)/Ak-74 (GP-25) | G21: RPG-7 (2 Rockets)
D22: North America | E22: M1911 (2 Grenades) | F22: M1911 (1 High-ex) | G22: Milkor MGL
B23: Terrorist 2 | C23: Sniper | D23: Eastern Europe | E23: Hunting Rifle | F23: SKS/SKS/SKS | G23: VSS/OSV 96/Dragunov | H23: None
D24: Western Europe | E24: Hunting Rifle/Hunting Rifle/M1 Garand | F24: FN FAL (scoped)/FN FAL (scoped)/FN FAL (scoped) | G24: Sako TRG/M82 Barrett/AWP
D25: North America | E25: M1 Garand/M1D Garand/Hunting Rifle | F25: M16 (Scoped)/SKS/M14 (Scoped) | G25: M82 Barret/M24 SWS/AWM
A26: Private Security | B26: Commander | C26: Commander | D26: Eastern Europe
D27: Western Europe
D28: North America
B29: Leader | C29: Leader | D29: Eastern Europe | E29: Glock 17/AKs-74u (Sopmod)/? | F29: Saiga 12/SR-3/? | G29: SR-3 | H29: Vest (30)
D30: Western Europe | E30: Glock 18/G36C/? | F30: HK417/?/? | G30: HK417
D31: North America | E31: MK23/M4 Carbine (Sopmod)/M4 Carbine (Sopmod) | F31: Deagle/Skorpion EVO/Kriss Vector | G31: Skorpion EVO/Kriss Vector/Golden Deagle
B32: Engineer | C32: Shield | D32: Eastern Europe | E32: Shield + Makarov/Skorpion/Knife | F32: Shield + Vektor/Versek/SR-3 | G32: Shield + SR-3 Vikhr/Versek/Vektor | H32: Vest (30)
D33: Western Europe | E33: Shield + Glock 17/Manhurin/Taser | F33: Shield + Five-seveN/Glock 18/Glock 18 (Stock) | G33: Shield + Five-seveN/Glock 18/Glock 18 (Stock)
D34: North America | E34: Shield + M1911/M9/P226 | F34: Shield + MK 23/P226/Deagle | G34: Shield + MK 23/Deagle/P226
B35: Medic | C35: Rifleman | D35: Eastern Europe | E35: AK-12/AK-12 (Scoped)/? | F35: AK-15/RK-62/AK-15 (Scoped) | G35: AK-15/RK-62/AK-15 (Scoped) | H35: Vest (30)
D36: Western Europe | E36: Famas/G36/? | F36: HK416 (SOPMOD)/Tavor 95x/HK416 (Mass) | G36: HK416 (SOPMOD)/Tavor 95x/HK416 (Mass)
D37: North America | E37: M4 Carbine/SCAR L/FX-05 | F37: Mk 18 Mod 0 (SOPMOD)/Scar L (Sopmod)/Scar H | G37: Mk 18 Mod 0 (SOPMOD)/Scar L (Sopmod)/Scar H
B38: Navigator | C38: Heavy | D38: Eastern Europe | E38: KS-23 (NL)/Saiga 12(NL)/Saiga 12 | F38: KS-23/Saiga 12/Sledgehammer | G38: KS-23/Saiga 12/KS-23 (1xFlash 2xbuck) | H38: Heavy Vest (40)
D39: Western Europe | E39: Origin 12 (NL)/USAS 12(NL)/USAS 12 | F39: Origin 12/USAS 12/Origin 12 (Slug) | G39: Origin 12/USAS 12/Origin 12 (Slug)
D40: North America | E40: AA-12(NL)/Serbu/Serbu (Breach) | F40: AA-12/Mk 18 Mod 0 MASS/AA-12 (Slug) | G40: AA-12/Mk 18 Mod 0 MASS/AA-12 (Slug)
B41: Soldier | C41: Grunt | D41: Eastern Europe | E41: Vityaz/AKs-74u (Sopmod)/Vektor | F41: Versek/AK-12/AKs-74u (Sopmod) | G41: Versek/AK-12/AKs-74u (Sopmod) + (flashbang) | H41: Vest (30)
D42: Western Europe | E42: UMP/CBJ-MS/Five Seven | F42: FN P90/G36C/Spas 12 (inc) | G42: FN P90/FN P90 (Sopmod)/Spas 12 (inc) + (flashbang)
D43: North America | E43: MP5SD/Glock 18 (Stock)/Taser | F43: SIG MPX/MP7/Skorpion EVO | G43: SIG MPX/MP7/Skorpion EVO + (flashbang)
B44: Terrorist 1 | C44: SAW | D44: Eastern Europe | E44: RPK | F44: Pecheneg/?/RPK | G44: Pecheneg/?/RPK | H44: Vest + Riot (35)
D45: Western Europe | E45: FN Minimi/FN Mag/CBJ-MS (SAW) | F45: Mk48/AUG HBAR/MG36 | G45: MK48/Negev/MG36
D46: North America | E46: C7A1 LSW/M60/M249 | F46: M249/M249/M60E6 | G46: M60E6/M249/Ultimax 100
B47: Terrorist 2 | C47: Sniper | D47: Eastern Europe | E47: Dragunov | F47: Dragunov/VSS/VSS | G47: VSS/OSV 96/OSV 96 | H47: Vest (30)
D48: Western Europe | E48: AWP/PSG 1/PSG 1 | F48: AWP/PSG 1/MSG 90 | G48: Sako TRG/MSG 90/M82
D49: North America | E49: M24 SWS/M14 (Scoped)/M24 SWS | F49: M24 SWS/Scar H (Sopmod)/AWM | G49: M82/Scar H (Sopmod)/AWM

Sheet Missions
A1: Type | B1: Width Lenght | C1: Civilians | D1: Race | E1: Commanders 0 | F1: Leaders 1 | G1: SAW/Shields 2 | H1: Riflemen 3 | I1: Raider/Heavies 4 | J1: Grunts 5 | K1: Grenadier/SAWs 6 | L1: Snipers 7 | M1: Allowed Craft | N1: Duration Min Duration Max | O1: DespawnPenalty AbortPenalty | P1: KeepCraft
A2: Terrorist Attack | B2: 30 30 | C2: 3 | D2: Terrorist | E2: 0 | F2: 0 | G2: 0 | H2: 3-4 | I2: 3-4 | J2: 3-4 | K2: 0 | L2: 0 | M2: Small | N2: 24 48 | O2: 300 | P2: yes
A3: Plane Hijacking | C3: 12 | D3: Terrorist | E3: 0 | F3: 0 | G3: 0 | H3: 3-4 | I3: 3-4 | J3: 3-4 | K3: 0 | L3: 0 | M3: Small Medium | N3: 24 48 | O3: 400 | P3: yes
A4: House Raid | B4: 30 30 | C4: 0 | D4: Terrorist | E4: 0 | F4: 1 | G4: 1 | H4: 4-5 | I4: 4-5 | J4: 7-10 | K4: 0 | L4: 0 | M4: Small Medium | N4: 360 720 | O4: 100 50 | P4: yes
A5: Major Attack | B5: 60 60 | C5: 20 | D5: Terrorist | E5: 0 | F5: 1 | G5: 2-3 | H5: 5-7 | I5: 5-7 | J5: 8-12 | K5: 1-2 | L5: 1-3 | M5: All | N5: 24 48 | O5: 700 400 | P5: yes
A6: Hostage Situation | B6: 30 30 | C6: 10 | D6: Terrorist | E6: 0 | F6: 0 | G6: 0 | H6: 4-5 | I6: 3-5 | J6: 4-5 | K6: 0 | L6: 0 | M6: Small Medium | N6: 24 48 | O6: 500 | P6: yes
A7: Major Hideout Raid | B7: 50 50 | C7: 0 | D7: Terrorist | E7: 1 | F7: 2 | G7: 2-4 | H7: 6-8 | I7: 4-6 | J7: 10-14 | K7: 1-2 | L7: 2-4 | M7: All | N7: 25 50 | O7: 200 100 | P7: yes
A8: Office Raid | B8: 30 30 | C8: 4 | D8: Private Security | E8: 0 | F8: 1 | G8: 0 | H8: 4-5 | I8: 3-5 | J8: 5-7 | K8: 0 | L8: 0 | M8: Small Medium | N8: 25 50 | O8: 200 100 | P8: yes
A9: Sky Scraper Raid | C9: 24 | D9: Private Security | E9: 0 | F9: 3-4 | G9: 4-5 | H9: 8-10 | I9: 7-10 | J9: 9-12 | K9: 2-3 | L9: 1-3 | M9: Large | N9: 999 | O9: 0 500 | P9: yes

Sheet Todo
A1: Just a list of things that are planing on being done in no particular order or priority so we don’t forget about them
A8: Quick weapon attachment researches when you get a weapon that can use them (ie get m4 from enemy + have sopmod unlocked -> research -> can apply sopmod despite not doing m4 acquisition).
A14: Sten
A15: Bren
A16: LAMG
A17: QLZ-87/QLU-11
A18: Mac 10
A19: SMAW
A20: M110 or M2010
A21: M79
A22: FN2000
A23: Beretta 93R
... A26: SV-98
